<category id="faceapirecognition">
  <block type="faceapi_recognition_video">
    <value name="modelpath">
      <block type="text">
        <field name="TEXT">http://localhost:20975/faceapi_20200402/</field>
      </block>    
    </value> 
    <value name="faceimagepath">
      <block type="text">
        <field name="TEXT">http://localhost:20975/faceapi_20200402/facelist/</field>
      </block>    
    </value> 
    <value name="facelabel">
      <block type="text">
        <field name="TEXT">France;Terry</field>
      </block>    
    </value> 
    <value name="faceimagecount">
      <block type="math_number">
        <field name="NUM">1</field>
      </block>   
    </value> 	
    <value name="distancelimit">
      <block type="math_number">
        <field name="NUM">0.4</field>
      </block>   
    </value>
    <value name="timer">
      <block type="math_number">
        <field name="NUM">3</field>
      </block>
    </value>	
  </block> 
  <block type="faceapi_recognition_detect">
  </block>
  <block type="faceapi_recognition_number"> 
  </block>
  <block type="faceapi_recognition_get">
    <value name="index">
      <block type="math_number">
        <field name="NUM">1</field>
      </block>   
    </value> 
  </block>
  <block type="faceapi_recognition_clear">
  </block>
</category>