{"platform":"wbit","type":"json","xml":"<xml xmlns=\"http://www.w3.org/1999/xhtml\">\n  <block type=\"board\" id=\"c2?s,U],O6u4_bB#*t,8\" x=\"63\" y=\"63\">\n    <field name=\"type_\">usb</field>\n    <statement name=\"callbacks_\">\n      <block type=\"variables_set\" id=\"H(#Yr@c0V_r{=5,R8VJ7\">\n        <field name=\"VAR\">relayState</field>\n        <value name=\"VALUE\">\n          <block type=\"math_number\" id=\"kUKDVt@*eET!h}}(_Gca\">\n            <field name=\"NUM\">0</field>\n          </block>\n        </value>\n        <next>\n          <block type=\"variables_set\" id=\"sgH5EDRQdVJ43cF}Q6K5\">\n            <field name=\"VAR\">criterion</field>\n            <value name=\"VALUE\">\n              <block type=\"math_number\" id=\"Q=M-hZp?7j%/I{TOMG8{\">\n                <field name=\"NUM\">60</field>\n              </block>\n            </value>\n            <next>\n              <block type=\"controls_loop_forever\" id=\"/nJ=k5RZ-L.9^_w(UbL8\">\n                <field name=\"async\">TRUE</field>\n                <statement name=\"do_\">\n                  <block type=\"variables_set\" id=\":--xNw(KI1NXI|PkrP)_\">\n                    <field name=\"VAR\">humidity</field>\n                    <value name=\"VALUE\">\n                      <block type=\"full_soil_value\" id=\"+R{_]e9B^r)QR~.(K63M\">\n                        <field name=\"pin_\">2</field>\n                      </block>\n                    </value>\n                    <next>\n                      <block type=\"demo_monster_talk\" id=\"H5zm+wZRGwR7C8EV)OCu\">\n                        <field name=\"name_\">demoMonster01</field>\n                        <value name=\"val_\">\n                          <block type=\"text_join\" id=\"rX7@}72kid_g6}O/|o[u\">\n                            <mutation items=\"2\"></mutation>\n                            <value name=\"ADD0\">\n                              <block type=\"text\" id=\"A0,0^,jcv52SoxhEJPOy\">\n                                <field name=\"TEXT\">Humidity = </field>\n                              </block>\n                            </value>\n                            <value name=\"ADD1\">\n                              <block type=\"variables_get\" id=\"0JGtdt6u(EewQ|@0t;E_\">\n                                <field name=\"VAR\">humidity</field>\n                              </block>\n                            </value>\n                          </block>\n                        </value>\n                        <next>\n                          <block type=\"controls_if\" id=\"Vhe/KxqGAhavKY9+0elX\">\n                            <mutation elseif=\"1\"></mutation>\n                            <value name=\"IF0\">\n                              <block type=\"logic_operation\" id=\":kTyUJJG.SEFoKQro`^C\">\n                                <field name=\"OP\">AND</field>\n                                <value name=\"A\">\n                                  <block type=\"logic_compare\" id=\"PyhwBv-NFK={Nl5ct}8n\">\n                                    <field name=\"OP\">GT</field>\n                                    <value name=\"A\">\n                                      <block type=\"variables_get\" id=\"=;lC_ZQj]hXW2hX_yG:|\">\n                                        <field name=\"VAR\">humidity</field>\n                                      </block>\n                                    </value>\n                                    <value name=\"B\">\n                                      <block type=\"variables_get\" id=\"%d8_Yw_2/mrPSzL}781,\">\n                                        <field name=\"VAR\">criterion</field>\n                                      </block>\n                                    </value>\n                                  </block>\n                                </value>\n                                <value name=\"B\">\n                                  <block type=\"logic_compare\" id=\"T_b4bZSGx#2k,+_cHmyw\">\n                                    <field name=\"OP\">EQ</field>\n                                    <value name=\"A\">\n                                      <block type=\"variables_get\" id=\"PsE)UrcEW`x6Hsc/4V4*\">\n                                        <field name=\"VAR\">relayState</field>\n                                      </block>\n                                    </value>\n                                    <value name=\"B\">\n                                      <block type=\"math_number\" id=\"8h;s4IB}O/}s9xYM2l)O\">\n                                        <field name=\"NUM\">0</field>\n                                      </block>\n                                    </value>\n                                  </block>\n                                </value>\n                              </block>\n                            </value>\n                            <statement name=\"DO0\">\n                              <block type=\"variables_set\" id=\"7wKwOywZXF%#v*_H9h=9\">\n                                <field name=\"VAR\">relayState</field>\n                                <value name=\"VALUE\">\n                                  <block type=\"math_number\" id=\"CbQgt6lupE-uLV1,EuL%\">\n                                    <field name=\"NUM\">1</field>\n                                  </block>\n                                </value>\n                                <next>\n                                  <block type=\"demo_monster_talk\" id=\"Q9CS;R9)lu=s-s^8mJMw\">\n                                    <field name=\"name_\">demoMonster03</field>\n                                    <value name=\"val_\">\n                                      <block type=\"text\" id=\"v2nLN8?-s-apcHXV4Sw]\">\n                                        <field name=\"TEXT\"></field>\n                                      </block>\n                                    </value>\n                                    <next>\n                                      <block type=\"demo_monster_talk\" id=\"OZejJCjhd#8|}8N:5?lE\">\n                                        <field name=\"name_\">demoMonster02</field>\n                                        <value name=\"val_\">\n                                          <block type=\"text_join\" id=\"6FMIFeuDUgL#aes0x9/A\">\n                                            <mutation items=\"5\"></mutation>\n                                            <value name=\"ADD0\">\n                                              <block type=\"getdate\" id=\"_z5oei3nuD0:ZE[d[fb@\">\n                                                <field name=\"date_\">ymd</field>\n                                              </block>\n                                            </value>\n                                            <value name=\"ADD1\">\n                                              <block type=\"text\" id=\"lnvpREH1lbRG/{e,VprF\">\n                                                <field name=\"TEXT\"> </field>\n                                              </block>\n                                            </value>\n                                            <value name=\"ADD2\">\n                                              <block type=\"gettime\" id=\"FiT91@q.M.jK55}PQZGM\">\n                                                <field name=\"time_\">hms</field>\n                                              </block>\n                                            </value>\n                                            <value name=\"ADD3\">\n                                              <block type=\"text_wrap\" id=\",JwvUmMrSZ!w2OJ4VU5z\"></block>\n                                            </value>\n                                            <value name=\"ADD4\">\n                                              <block type=\"text\" id=\"[jVScej:S;J*/.(rokgH\">\n                                                <field name=\"TEXT\">開始澆水了</field>\n                                              </block>\n                                            </value>\n                                          </block>\n                                        </value>\n                                        <next>\n                                          <block type=\"full_relay_state\" id=\"prMX%,lF/-FVRmm9}dj+\">\n                                            <field name=\"pin_\">1</field>\n                                            <field name=\"state_\">on</field>\n                                          </block>\n                                        </next>\n                                      </block>\n                                    </next>\n                                  </block>\n                                </next>\n                              </block>\n                            </statement>\n                            <value name=\"IF1\">\n                              <block type=\"logic_operation\" id=\"fX.#`)TUl^6ALY}]6l;p\">\n                                <field name=\"OP\">AND</field>\n                                <value name=\"A\">\n                                  <block type=\"logic_compare\" id=\"V(0+CXwcp9?K9pNW%KQL\">\n                                    <field name=\"OP\">LTE</field>\n                                    <value name=\"A\">\n                                      <block type=\"variables_get\" id=\"3;Ki:4!Qlp.V`QMv.YZ^\">\n                                        <field name=\"VAR\">humidity</field>\n                                      </block>\n                                    </value>\n                                    <value name=\"B\">\n                                      <block type=\"variables_get\" id=\"2#1e*x19p0f2FHb{:bko\">\n                                        <field name=\"VAR\">criterion</field>\n                                      </block>\n                                    </value>\n                                  </block>\n                                </value>\n                                <value name=\"B\">\n                                  <block type=\"logic_compare\" id=\"i,zd;[_k.*FrF9sT^}@L\">\n                                    <field name=\"OP\">EQ</field>\n                                    <value name=\"A\">\n                                      <block type=\"variables_get\" id=\"z8_3mg_SLpktEDj#eIQ;\">\n                                        <field name=\"VAR\">relayState</field>\n                                      </block>\n                                    </value>\n                                    <value name=\"B\">\n                                      <block type=\"math_number\" id=\"Fh}80h]C]D|KJSM{Z]9T\">\n                                        <field name=\"NUM\">1</field>\n                                      </block>\n                                    </value>\n                                  </block>\n                                </value>\n                              </block>\n                            </value>\n                            <statement name=\"DO1\">\n                              <block type=\"variables_set\" id=\"*E64bu7]m29h95ZAufy%\">\n                                <field name=\"VAR\">relayState</field>\n                                <value name=\"VALUE\">\n                                  <block type=\"math_number\" id=\"_7GVNU0T!/srv7wvL1K[\">\n                                    <field name=\"NUM\">0</field>\n                                  </block>\n                                </value>\n                                <next>\n                                  <block type=\"full_relay_state\" id=\"bes!d(RPWHN64vR+.bk3\">\n                                    <field name=\"pin_\">1</field>\n                                    <field name=\"state_\">off</field>\n                                    <next>\n                                      <block type=\"demo_monster_talk\" id=\",,yHB%%6N;dk,rDCPJX,\">\n                                        <field name=\"name_\">demoMonster03</field>\n                                        <value name=\"val_\">\n                                          <block type=\"text_join\" id=\"`5fp%bkI=s[a5J3(6|7K\">\n                                            <mutation items=\"5\"></mutation>\n                                            <value name=\"ADD0\">\n                                              <block type=\"getdate\" id=\"9|)j|yjhTa)p#VN8(^UN\">\n                                                <field name=\"date_\">ymd</field>\n                                              </block>\n                                            </value>\n                                            <value name=\"ADD1\">\n                                              <block type=\"text\" id=\"cVq6Ml#p{@)K%u9@q%1b\">\n                                                <field name=\"TEXT\"> </field>\n                                              </block>\n                                            </value>\n                                            <value name=\"ADD2\">\n                                              <block type=\"gettime\" id=\"7X97AzYQELxO*6t!,[=W\">\n                                                <field name=\"time_\">hms</field>\n                                              </block>\n                                            </value>\n                                            <value name=\"ADD3\">\n                                              <block type=\"text_wrap\" id=\"i_J^[GOqkSmZucXU28aj\"></block>\n                                            </value>\n                                            <value name=\"ADD4\">\n                                              <block type=\"text\" id=\"*IomMyM5a%/2SLXw}An^\">\n                                                <field name=\"TEXT\">停止澆水了</field>\n                                              </block>\n                                            </value>\n                                          </block>\n                                        </value>\n                                      </block>\n                                    </next>\n                                  </block>\n                                </next>\n                              </block>\n                            </statement>\n                          </block>\n                        </next>\n                      </block>\n                    </next>\n                  </block>\n                </statement>\n              </block>\n            </next>\n          </block>\n        </next>\n      </block>\n    </statement>\n  </block>\n</xml>","customBlocks":["/blockly/custom-blocks/google-sheets/blockly.json","/blockly/custom-blocks/weather/blockly.json","/blockly/custom-blocks/radio/blockly.json","/blockly/custom-blocks/line/blockly.json","/blockly/custom-blocks/basic-package/blockly.json","/faceapi_20200402/blockly.json","https://fustyles.github.io/webduino/EDU_addCustomBlocks/blockly.json","https://fustyles.github.io/webduino/ESP8266_20190128/blockly.json","https://fustyles.github.io/webduino/Azure_FaceToFaceVerify_20191118/blockly.json","https://fustyles.github.io/webduino/ESP32-CAM_20191201/blockly.json","https://fustyles.github.io/webduino/bodypix2_20200125/blockly.json","https://fustyles.github.io/webduino/GameElements_20190131/blockly.json","https://fustyles.github.io/webduino/faceapi_20200124/blockly.json","https://fustyles.github.io/webduino/Azure_FaceDetection_20190901/blockly.json","https://fustyles.github.io/webduino/Instruction_20181213/blockly.json","https://fustyles.github.io/webduino/coco-ssd_20190821/blockly.json","https://fustyles.github.io/webduino/iframe_20180802/blockly.json","https://fustyles.github.io/webduino/EDU_bit_MatrixLed_20190827/blockly.json","https://fustyles.github.io/webduino/Azure_ClassifyImage_20190901/blockly.json","https://fustyles.github.io/webduino/posenet_20190822/blockly.json","https://fustyles.github.io/webduino/mobilenet_20190821/blockly.json","https://fustyles.github.io/webduino/Tracking_20190917/blockly.json","https://fustyles.github.io/webduino/bodypix1_20200125/blockly.json","https://fustyles.github.io/webduino/knn-classifier_20190608/blockly.json","https://fustyles.github.io/webduino/Azure_FaceFindSimilar_20191117/blockly.json","https://fustyles.github.io/webduino/EDU_speak_setting/blockly.json","https://fustyles.github.io/webduino/ShowCode_20181216/blockly.json","https://fustyles.github.io/webduino/SpeechRecognition_20191225/blockly.json","/blockly/custom-blocks/car-package/blockly.json","/blockly/custom-blocks/video-sensing/blockly.json","/blockly/custom-blocks/full-package/blockly.json","/blockly/custom-blocks/tracking-js/blockly.json","/blockly/custom-blocks/microphone/blockly.json","/blockly/custom-blocks/youtube/blockly.json"]}