{"platform":"wbit","type":"json","xml":"<xml xmlns=\"http://www.w3.org/1999/xhtml\">\n  <block type=\"board\" id=\"Pyd*fP(}f+s-oU!3`(nB\" x=\"-112\" y=\"-237\">\n    <field name=\"type_\">usb</field>\n    <statement name=\"callbacks_\">\n      <block type=\"controls_loop_forever\" id=\"3^TFx,MF[Vw|:C{zc_Q+\">\n        <field name=\"async\">TRUE</field>\n        <statement name=\"do_\">\n          <block type=\"variables_set\" id=\"6Z0]H%9TZFFJEk`FUt%S\">\n            <field name=\"VAR\">humidity</field>\n            <value name=\"VALUE\">\n              <block type=\"full_soil_value\" id=\":-:8)}QEFA5.,{dQ][%6\">\n                <field name=\"pin_\">2</field>\n              </block>\n            </value>\n            <next>\n              <block type=\"variables_set\" id=\"FZIX2j6,/KjP?tdSPS10\">\n                <field name=\"VAR\">temperature</field>\n                <value name=\"VALUE\">\n                  <block type=\"bit_temp_val\" id=\"_qj--Z-^,#*rS@3Y.4I)\"></block>\n                </value>\n                <next>\n                  <block type=\"variables_set\" id=\"mJwQ;PS*ZSxEx@gW(+d=\">\n                    <field name=\"VAR\">photocell</field>\n                    <value name=\"VALUE\">\n                      <block type=\"bit_photocell_val\" id=\"K78Z72e,)%L^XT81H=An\">\n                        <field name=\"name_\">_l_</field>\n                      </block>\n                    </value>\n                    <next>\n                      <block type=\"demo_monster_talk\" id=\"N9vi?EWWa+I4mE,XKi5`\">\n                        <field name=\"name_\">demoMonster01</field>\n                        <value name=\"val_\">\n                          <block type=\"text_join\" id=\"z1L(nX~3[S`d4FT5|@TZ\">\n                            <mutation items=\"9\"></mutation>\n                            <value name=\"ADD0\">\n                              <block type=\"text\" id=\"}Uu{}eGA#VBKyfnJgRuY\">\n                                <field name=\"TEXT\">濕度 = </field>\n                              </block>\n                            </value>\n                            <value name=\"ADD1\">\n                              <block type=\"variables_get\" id=\"!dR5htI[E)K2{~ud.3;m\">\n                                <field name=\"VAR\">humidity</field>\n                              </block>\n                            </value>\n                            <value name=\"ADD2\">\n                              <block type=\"text_wrap\" id=\"h|xahRu(0L~9-N7@]sF6\"></block>\n                            </value>\n                            <value name=\"ADD3\">\n                              <block type=\"text\" id=\"z`Gx`@[Y4(x_v^7s9bve\">\n                                <field name=\"TEXT\">溫度 = </field>\n                              </block>\n                            </value>\n                            <value name=\"ADD4\">\n                              <block type=\"variables_get\" id=\"r_AJ-0meOMkmMj|qpdb[\">\n                                <field name=\"VAR\">temperature</field>\n                              </block>\n                            </value>\n                            <value name=\"ADD5\">\n                              <block type=\"text\" id=\"KTibH2`,)+%uAr3K1_r?\">\n                                <field name=\"TEXT\"> °C</field>\n                              </block>\n                            </value>\n                            <value name=\"ADD6\">\n                              <block type=\"text_wrap\" id=\"#GuIb)ifT-~oI#kd!o)n\"></block>\n                            </value>\n                            <value name=\"ADD7\">\n                              <block type=\"text\" id=\":@9[l(.dbMl,F|I:D`B0\">\n                                <field name=\"TEXT\">亮度 = </field>\n                              </block>\n                            </value>\n                            <value name=\"ADD8\">\n                              <block type=\"variables_get\" id=\"[juOD4/esQ,PZeT-Ezq0\">\n                                <field name=\"VAR\">photocell</field>\n                              </block>\n                            </value>\n                          </block>\n                        </value>\n                      </block>\n                    </next>\n                  </block>\n                </next>\n              </block>\n            </next>\n          </block>\n        </statement>\n      </block>\n    </statement>\n  </block>\n</xml>","customBlocks":["/blockly/custom-blocks/google-sheets/blockly.json","/blockly/custom-blocks/weather/blockly.json","/blockly/custom-blocks/radio/blockly.json","/blockly/custom-blocks/line/blockly.json","/blockly/custom-blocks/basic-package/blockly.json","/faceapi_20200402/blockly.json","https://fustyles.github.io/webduino/EDU_addCustomBlocks/blockly.json","https://fustyles.github.io/webduino/ESP8266_20190128/blockly.json","https://fustyles.github.io/webduino/Azure_FaceToFaceVerify_20191118/blockly.json","https://fustyles.github.io/webduino/ESP32-CAM_20191201/blockly.json","https://fustyles.github.io/webduino/bodypix2_20200125/blockly.json","https://fustyles.github.io/webduino/GameElements_20190131/blockly.json","https://fustyles.github.io/webduino/faceapi_20200124/blockly.json","https://fustyles.github.io/webduino/Azure_FaceDetection_20190901/blockly.json","https://fustyles.github.io/webduino/Instruction_20181213/blockly.json","https://fustyles.github.io/webduino/coco-ssd_20190821/blockly.json","https://fustyles.github.io/webduino/iframe_20180802/blockly.json","https://fustyles.github.io/webduino/EDU_bit_MatrixLed_20190827/blockly.json","https://fustyles.github.io/webduino/Azure_ClassifyImage_20190901/blockly.json","https://fustyles.github.io/webduino/posenet_20190822/blockly.json","https://fustyles.github.io/webduino/mobilenet_20190821/blockly.json","https://fustyles.github.io/webduino/Tracking_20190917/blockly.json","https://fustyles.github.io/webduino/bodypix1_20200125/blockly.json","https://fustyles.github.io/webduino/knn-classifier_20190608/blockly.json","https://fustyles.github.io/webduino/Azure_FaceFindSimilar_20191117/blockly.json","https://fustyles.github.io/webduino/EDU_speak_setting/blockly.json","https://fustyles.github.io/webduino/ShowCode_20181216/blockly.json","https://fustyles.github.io/webduino/SpeechRecognition_20191225/blockly.json","/blockly/custom-blocks/car-package/blockly.json","/blockly/custom-blocks/video-sensing/blockly.json","/blockly/custom-blocks/full-package/blockly.json","/blockly/custom-blocks/tracking-js/blockly.json","/blockly/custom-blocks/microphone/blockly.json","/blockly/custom-blocks/youtube/blockly.json"]}