{"platform":"wbit","type":"json","xml":"<xml xmlns=\"http://www.w3.org/1999/xhtml\">\n  <block type=\"board\" id=\"R#C;wU9MuAS3,%oNIo/9\" x=\"13\" y=\"13\">\n    <field name=\"type_\">usb</field>\n    <statement name=\"callbacks_\">\n      <block type=\"posenet_video\" id=\"q7jD1ovy2mBvx0G9*qIf\">\n        <field name=\"modelname_\">ResNet50</field>\n        <field name=\"video_\">block</field>\n        <field name=\"skeleton_\">block</field>\n        <field name=\"persons_\">1</field>\n        <field name=\"scorelimit_\">0.5</field>\n        <field name=\"result_\">none</field>\n        <field name=\"mirrorimage_\">1</field>\n        <field name=\"opacity_\">1</field>\n        <next>\n          <block type=\"posenet_startvideo_media\" id=\"?AwL,a)6Il}2R;v{XasK\">\n            <field name=\"facing_\">front</field>\n            <value name=\"index_\">\n              <block type=\"math_number\" id=\"_#{.c7YF#q=B4?lrDs/3\">\n                <field name=\"NUM\">0</field>\n              </block>\n            </value>\n            <value name=\"width_\">\n              <block type=\"math_number\" id=\"tZqF;X~ufvR+-8#zpMxv\">\n                <field name=\"NUM\">320</field>\n              </block>\n            </value>\n            <value name=\"height_\">\n              <block type=\"math_number\" id=\":6w8Mk47A*LDXM/,1yru\">\n                <field name=\"NUM\">240</field>\n              </block>\n            </value>\n            <next>\n              <block type=\"variables_set\" id=\"8Rm3cS+#jCH1cJ=GT==v\">\n                <field name=\"VAR\">分數下限</field>\n                <value name=\"VALUE\">\n                  <block type=\"math_number\" id=\"@xF0G8hexWV-9-prWil8\">\n                    <field name=\"NUM\">0.5</field>\n                  </block>\n                </value>\n                <next>\n                  <block type=\"demo_monster_talk\" id=\"WbYye+IKp1HEFIv.w8@g\">\n                    <field name=\"name_\">demoMonster02</field>\n                    <value name=\"val_\">\n                      <block type=\"text\" id=\"Uz]JmsPiaZn)}CyIeN!,\">\n                        <field name=\"TEXT\">超人起飛姿態開鎖</field>\n                      </block>\n                    </value>\n                    <next>\n                      <block type=\"controls_loop_forever\" id=\"muR@VlDqm}1:51:Q[9^;\">\n                        <field name=\"async\">TRUE</field>\n                        <statement name=\"do_\">\n                          <block type=\"procedures_callnoreturn\" id=\"EYt|^Jho3y`Byy!,8:8r\">\n                            <mutation name=\"設定位置變數\"></mutation>\n                            <next>\n                              <block type=\"controls_if\" id=\"qGif!iFpbUixnCWs!0!Y\">\n                                <value name=\"IF0\">\n                                  <block type=\"logic_operation\" id=\"u;I8S2Syq`x_hN2MgogL\">\n                                    <field name=\"OP\">AND</field>\n                                    <value name=\"A\">\n                                      <block type=\"logic_compare\" id=\"f%:!1M9T1iH}WL/bQS)d\">\n                                        <field name=\"OP\">GTE</field>\n                                        <value name=\"A\">\n                                          <block type=\"posenet_person\" id=\"x^=+-NAU5lq{9,?^Gc~x\">\n                                            <field name=\"part_\">leftWrist</field>\n                                            <field name=\"data_\">score</field>\n                                            <value name=\"person_\">\n                                              <block type=\"math_number\" id=\"nP%c}ZCP;nmh7~T5zsJn\">\n                                                <field name=\"NUM\">0</field>\n                                              </block>\n                                            </value>\n                                          </block>\n                                        </value>\n                                        <value name=\"B\">\n                                          <block type=\"variables_get\" id=\"wvDba|#Eb|o+PT)S2II}\">\n                                            <field name=\"VAR\">分數下限</field>\n                                          </block>\n                                        </value>\n                                      </block>\n                                    </value>\n                                    <value name=\"B\">\n                                      <block type=\"logic_compare\" id=\"]fKyHSl~1WZ#^e(;_iAc\">\n                                        <field name=\"OP\">GTE</field>\n                                        <value name=\"A\">\n                                          <block type=\"posenet_person\" id=\":j4wYTR-(;yB#C`0KNo[\">\n                                            <field name=\"part_\">rightWrist</field>\n                                            <field name=\"data_\">score</field>\n                                            <value name=\"person_\">\n                                              <block type=\"math_number\" id=\"?Sjw.Ab%*8vC?4rp6X*%\">\n                                                <field name=\"NUM\">0</field>\n                                              </block>\n                                            </value>\n                                          </block>\n                                        </value>\n                                        <value name=\"B\">\n                                          <block type=\"variables_get\" id=\"yx]}s9n;}1=VgbE:mznY\">\n                                            <field name=\"VAR\">分數下限</field>\n                                          </block>\n                                        </value>\n                                      </block>\n                                    </value>\n                                  </block>\n                                </value>\n                                <statement name=\"DO0\">\n                                  <block type=\"variables_set\" id=\"_Eo.m7v*vcS]3+Dq=mp}\">\n                                    <field name=\"VAR\">兩手腕連線角度</field>\n                                    <value name=\"VALUE\">\n                                      <block type=\"posenet_angle\" id=\".SpfV+Vi~Me6]e9+W92r\">\n                                        <value name=\"x0_\">\n                                          <block type=\"variables_get\" id=\"xnyK@11i=Fk6RJHl55Ku\">\n                                            <field name=\"VAR\">右手腕靠左距離</field>\n                                          </block>\n                                        </value>\n                                        <value name=\"y0_\">\n                                          <block type=\"variables_get\" id=\"@k@2@A+A}zBI_#NZEC?f\">\n                                            <field name=\"VAR\">右手腕靠上距離</field>\n                                          </block>\n                                        </value>\n                                        <value name=\"x1_\">\n                                          <block type=\"variables_get\" id=\"x]4qkt}(z8r8F2JUlv@H\">\n                                            <field name=\"VAR\">左手腕靠上距離</field>\n                                          </block>\n                                        </value>\n                                        <value name=\"y1_\">\n                                          <block type=\"variables_get\" id=\":^^H3C;.z4@Zf.:69gvH\">\n                                            <field name=\"VAR\">左手腕靠左距離</field>\n                                          </block>\n                                        </value>\n                                      </block>\n                                    </value>\n                                    <next>\n                                      <block type=\"controls_if\" id=\"O+63{(W7KJuGa2eJJ~H+\">\n                                        <value name=\"IF0\">\n                                          <block type=\"logic_operation\" id=\".]Zvp5o,P+XKDj~2V^OC\">\n                                            <field name=\"OP\">AND</field>\n                                            <value name=\"A\">\n                                              <block type=\"logic_compare\" id=\";{Gt9Sz3eka#5k0?|~tS\">\n                                                <field name=\"OP\">GT</field>\n                                                <value name=\"A\">\n                                                  <block type=\"variables_get\" id=\"vPn?E+SMo:zK%u.(_Lm:\">\n                                                    <field name=\"VAR\">右手腕靠左距離</field>\n                                                  </block>\n                                                </value>\n                                                <value name=\"B\">\n                                                  <block type=\"variables_get\" id=\"e4:6w)a3SQPKlZTM(Z.Y\">\n                                                    <field name=\"VAR\">鼻子靠左距離</field>\n                                                  </block>\n                                                </value>\n                                              </block>\n                                            </value>\n                                            <value name=\"B\">\n                                              <block type=\"logic_operation\" id=\"~{jN/28AI77OfRQ:geM1\">\n                                                <field name=\"OP\">AND</field>\n                                                <value name=\"A\">\n                                                  <block type=\"logic_compare\" id=\"5o`%NE_rR36{[;H2lj(m\">\n                                                    <field name=\"OP\">LT</field>\n                                                    <value name=\"A\">\n                                                      <block type=\"variables_get\" id=\"L_5TpoOg:d:!8vG89*MS\">\n                                                        <field name=\"VAR\">右手腕靠上距離</field>\n                                                      </block>\n                                                    </value>\n                                                    <value name=\"B\">\n                                                      <block type=\"variables_get\" id=\"jphV;R6#46nv^j@.@~Hg\">\n                                                        <field name=\"VAR\">鼻子靠上距離</field>\n                                                      </block>\n                                                    </value>\n                                                  </block>\n                                                </value>\n                                                <value name=\"B\">\n                                                  <block type=\"logic_operation\" id=\":i~5pX%4%*-{==+EFV|E\">\n                                                    <field name=\"OP\">AND</field>\n                                                    <value name=\"A\">\n                                                      <block type=\"logic_compare\" id=\"tvcjr1x/#47sZWlN;JJs\">\n                                                        <field name=\"OP\">GTE</field>\n                                                        <value name=\"A\">\n                                                          <block type=\"math_arithmetic\" id=\".Ug`LV{1QyqSj}Z9WGa.\">\n                                                            <field name=\"OP\">DIVIDE</field>\n                                                            <value name=\"A\">\n                                                              <block type=\"math_arithmetic\" id=\"29HrL=M}]TfY?kb8w@*Z\">\n                                                                <field name=\"OP\">MINUS</field>\n                                                                <value name=\"A\">\n                                                                  <block type=\"variables_get\" id=\"(Nzb[9M,VTCXV?+7@fEy\">\n                                                                    <field name=\"VAR\">左手腕靠上距離</field>\n                                                                  </block>\n                                                                </value>\n                                                                <value name=\"B\">\n                                                                  <block type=\"variables_get\" id=\"}dsBnvP!K[Hcz~Z`uJCe\">\n                                                                    <field name=\"VAR\">左肩靠上距離</field>\n                                                                  </block>\n                                                                </value>\n                                                              </block>\n                                                            </value>\n                                                            <value name=\"B\">\n                                                              <block type=\"math_arithmetic\" id=\"7~euE{vHN.{1T*KnfRcX\">\n                                                                <field name=\"OP\">MINUS</field>\n                                                                <value name=\"A\">\n                                                                  <block type=\"variables_get\" id=\"P8b#AlQOmjSzSCsNe%3w\">\n                                                                    <field name=\"VAR\">左肩靠上距離</field>\n                                                                  </block>\n                                                                </value>\n                                                                <value name=\"B\">\n                                                                  <block type=\"variables_get\" id=\"V6reMMEz9TR,=Aw.H-xj\">\n                                                                    <field name=\"VAR\">鼻子靠上距離</field>\n                                                                  </block>\n                                                                </value>\n                                                              </block>\n                                                            </value>\n                                                          </block>\n                                                        </value>\n                                                        <value name=\"B\">\n                                                          <block type=\"math_number\" id=\"A0aeMNVo,RM(77b(n2cf\">\n                                                            <field name=\"NUM\">-0.5</field>\n                                                          </block>\n                                                        </value>\n                                                      </block>\n                                                    </value>\n                                                    <value name=\"B\">\n                                                      <block type=\"logic_operation\" id=\"WH)Rw,:lK/8Qb)U`0t.D\">\n                                                        <field name=\"OP\">AND</field>\n                                                        <value name=\"A\">\n                                                          <block type=\"logic_compare\" id=\"P9ez?S#v0.kwUrw}bKSx\">\n                                                            <field name=\"OP\">LTE</field>\n                                                            <value name=\"A\">\n                                                              <block type=\"math_arithmetic\" id=\"2D)g~DZmxk:;gECf~6@X\">\n                                                                <field name=\"OP\">DIVIDE</field>\n                                                                <value name=\"A\">\n                                                                  <block type=\"math_arithmetic\" id=\"={OgTT.JQ7LxE[!a(@,r\">\n                                                                    <field name=\"OP\">MINUS</field>\n                                                                    <value name=\"A\">\n                                                                      <block type=\"variables_get\" id=\"c5x;!wtrj[)1(z-8m]x`\">\n                                                                        <field name=\"VAR\">左手腕靠上距離</field>\n                                                                      </block>\n                                                                    </value>\n                                                                    <value name=\"B\">\n                                                                      <block type=\"variables_get\" id=\"zMudEII[njkW^/X3k3O,\">\n                                                                        <field name=\"VAR\">左肩靠上距離</field>\n                                                                      </block>\n                                                                    </value>\n                                                                  </block>\n                                                                </value>\n                                                                <value name=\"B\">\n                                                                  <block type=\"math_arithmetic\" id=\"eh#?MxwEq4axbfn?BeY.\">\n                                                                    <field name=\"OP\">MINUS</field>\n                                                                    <value name=\"A\">\n                                                                      <block type=\"variables_get\" id=\"[uWXfh:W/|OJn/r[(-(o\">\n                                                                        <field name=\"VAR\">左肩靠上距離</field>\n                                                                      </block>\n                                                                    </value>\n                                                                    <value name=\"B\">\n                                                                      <block type=\"variables_get\" id=\"MTyCD)2N!vUDTvW.hKbh\">\n                                                                        <field name=\"VAR\">鼻子靠上距離</field>\n                                                                      </block>\n                                                                    </value>\n                                                                  </block>\n                                                                </value>\n                                                              </block>\n                                                            </value>\n                                                            <value name=\"B\">\n                                                              <block type=\"math_number\" id=\"*.S+,-pFG(H`E]{Z#]6G\">\n                                                                <field name=\"NUM\">1</field>\n                                                              </block>\n                                                            </value>\n                                                          </block>\n                                                        </value>\n                                                        <value name=\"B\">\n                                                          <block type=\"logic_operation\" id=\"Iy3(VLe.?,%WiH;R;TmD\">\n                                                            <field name=\"OP\">AND</field>\n                                                            <value name=\"A\">\n                                                              <block type=\"logic_compare\" id=\"{9Yr55PB.o@#~uTJ@?:L\">\n                                                                <field name=\"OP\">LTE</field>\n                                                                <value name=\"A\">\n                                                                  <block type=\"variables_get\" id=\"FQDY4khc#:7!Idi8|Pk-\">\n                                                                    <field name=\"VAR\">兩手腕連線角度</field>\n                                                                  </block>\n                                                                </value>\n                                                                <value name=\"B\">\n                                                                  <block type=\"math_number\" id=\"yl~::4n%k7Z[r/#p~BL?\">\n                                                                    <field name=\"NUM\">-20</field>\n                                                                  </block>\n                                                                </value>\n                                                              </block>\n                                                            </value>\n                                                            <value name=\"B\">\n                                                              <block type=\"logic_operation\" id=\"V(qHLvJHH#T680C^Ov/`\">\n                                                                <field name=\"OP\">AND</field>\n                                                                <value name=\"A\">\n                                                                  <block type=\"logic_compare\" id=\"L3hV/Nb,Xa%_6(p]^*sh\">\n                                                                    <field name=\"OP\">GTE</field>\n                                                                    <value name=\"A\">\n                                                                      <block type=\"variables_get\" id=\"c~x_OfN#0FQ}nXSN|+9c\">\n                                                                        <field name=\"VAR\">兩手腕連線角度</field>\n                                                                      </block>\n                                                                    </value>\n                                                                    <value name=\"B\">\n                                                                      <block type=\"math_number\" id=\"y8[(DY4c|AlSEyyajx[T\">\n                                                                        <field name=\"NUM\">-60</field>\n                                                                      </block>\n                                                                    </value>\n                                                                  </block>\n                                                                </value>\n                                                                <value name=\"B\">\n                                                                  <block type=\"logic_compare\" id=\"P~#2BsLOdDZ8aJqrF2I1\">\n                                                                    <field name=\"OP\">LT</field>\n                                                                    <value name=\"A\">\n                                                                      <block type=\"variables_get\" id=\"(5Z]ct%E(V@6XG}dgxfA\">\n                                                                        <field name=\"VAR\">右手腕靠上距離</field>\n                                                                      </block>\n                                                                    </value>\n                                                                    <value name=\"B\">\n                                                                      <block type=\"variables_get\" id=\"Lwb]#-|V4npxf9aE|_ZX\">\n                                                                        <field name=\"VAR\">鼻子靠上距離</field>\n                                                                      </block>\n                                                                    </value>\n                                                                  </block>\n                                                                </value>\n                                                              </block>\n                                                            </value>\n                                                          </block>\n                                                        </value>\n                                                      </block>\n                                                    </value>\n                                                  </block>\n                                                </value>\n                                              </block>\n                                            </value>\n                                          </block>\n                                        </value>\n                                        <statement name=\"DO0\">\n                                          <block type=\"speak_async\" id=\"`?z84!P#l+2T3Jq6l^8,\">\n                                            <comment pinned=\"false\" h=\"80\" w=\"160\">朗讀結束後，才會繼續執行下方程式</comment>\n                                            <value name=\"text_\">\n                                              <block type=\"text\" id=\"-/Z!|htpDezfHD=D35@|\">\n                                                <field name=\"TEXT\">超人起飛，為您打開門鎖五秒。</field>\n                                              </block>\n                                            </value>\n                                            <value name=\"setting_\">\n                                              <block type=\"speak_async_setting\" id=\"`.Ldss{VA,ym!_}CsBL2\">\n                                                <field name=\"lang_\">zh-TW</field>\n                                                <field name=\"pitch_\">1</field>\n                                                <field name=\"rate_\">1</field>\n                                              </block>\n                                            </value>\n                                            <next>\n                                              <block type=\"full_relay_state\" id=\"2u}#[2Wb)W3+!ZZ%Jzm0\">\n                                                <field name=\"pin_\">2</field>\n                                                <field name=\"state_\">on</field>\n                                                <next>\n                                                  <block type=\"demo_monster_talk\" id=\"r[g;e;f*Oa6I.v}?6}_A\">\n                                                    <field name=\"name_\">demoMonster01</field>\n                                                    <value name=\"val_\">\n                                                      <block type=\"text\" id=\"Wo?B.Nrx#tFkzI(-q[@j\">\n                                                        <field name=\"TEXT\">開</field>\n                                                      </block>\n                                                    </value>\n                                                    <next>\n                                                      <block type=\"delay\" id=\"+I#Y`r{*e~R_T9g07]E6\">\n                                                        <value name=\"secs_\">\n                                                          <block type=\"math_number\" id=\"WCN#QUMp}JX,W-m.(.50\">\n                                                            <field name=\"NUM\">5</field>\n                                                          </block>\n                                                        </value>\n                                                        <next>\n                                                          <block type=\"full_relay_state\" id=\"E~YJy13_=3!QmHeX8Wti\">\n                                                            <field name=\"pin_\">2</field>\n                                                            <field name=\"state_\">off</field>\n                                                            <next>\n                                                              <block type=\"demo_monster_talk\" id=\"k|t*-_97)oK`(wwV;NnJ\">\n                                                                <field name=\"name_\">demoMonster01</field>\n                                                                <value name=\"val_\">\n                                                                  <block type=\"text\" id=\"rD{KM`zKBl!2qYzp|oP7\">\n                                                                    <field name=\"TEXT\">關</field>\n                                                                  </block>\n                                                                </value>\n                                                                <next>\n                                                                  <block type=\"delay\" id=\"mR8o8tQDv4uUb[r*UI[?\">\n                                                                    <value name=\"secs_\">\n                                                                      <block type=\"math_number\" id=\"IQA8;D[5y/2sh/|_!)F}\">\n                                                                        <field name=\"NUM\">5</field>\n                                                                      </block>\n                                                                    </value>\n                                                                  </block>\n                                                                </next>\n                                                              </block>\n                                                            </next>\n                                                          </block>\n                                                        </next>\n                                                      </block>\n                                                    </next>\n                                                  </block>\n                                                </next>\n                                              </block>\n                                            </next>\n                                          </block>\n                                        </statement>\n                                      </block>\n                                    </next>\n                                  </block>\n                                </statement>\n                              </block>\n                            </next>\n                          </block>\n                        </statement>\n                      </block>\n                    </next>\n                  </block>\n                </next>\n              </block>\n            </next>\n          </block>\n        </next>\n      </block>\n    </statement>\n  </block>\n  <block type=\"procedures_defnoreturn\" id=\"MZLIRN@!`OBdzDxi_X9P\" x=\"13\" y=\"838\">\n    <field name=\"NAME\">設定位置變數</field>\n    <comment pinned=\"false\" h=\"80\" w=\"160\">描述此函數...</comment>\n    <statement name=\"STACK\">\n      <block type=\"variables_set\" id=\"4?4F3Gpo:RvV*}#M,W@)\">\n        <field name=\"VAR\">右手腕靠左距離</field>\n        <value name=\"VALUE\">\n          <block type=\"posenet_person\" id=\"LZ,Z.a;SIv0c2_;-PG@v\">\n            <field name=\"part_\">leftWrist</field>\n            <field name=\"data_\">x</field>\n            <value name=\"person_\">\n              <block type=\"math_number\" id=\"_z]Yhl9P0*H.k`U.4a#6\">\n                <field name=\"NUM\">0</field>\n              </block>\n            </value>\n          </block>\n        </value>\n        <next>\n          <block type=\"variables_set\" id=\"6!+~,Zt;HX?A^d+95A^a\">\n            <field name=\"VAR\">右手腕靠上距離</field>\n            <value name=\"VALUE\">\n              <block type=\"posenet_person\" id=\"e8IBc)H#REwUEWDJr)%.\">\n                <field name=\"part_\">leftWrist</field>\n                <field name=\"data_\">y</field>\n                <value name=\"person_\">\n                  <block type=\"math_number\" id=\"G,iw.Up%NWm[1-5jXsKa\">\n                    <field name=\"NUM\">0</field>\n                  </block>\n                </value>\n              </block>\n            </value>\n            <next>\n              <block type=\"variables_set\" id=\"%^juzA4KDq,siX8h_BK^\">\n                <field name=\"VAR\">左手腕靠左距離</field>\n                <value name=\"VALUE\">\n                  <block type=\"posenet_person\" id=\"d[:,]an3;Z_AGvwLbL6x\">\n                    <field name=\"part_\">rightWrist</field>\n                    <field name=\"data_\">x</field>\n                    <value name=\"person_\">\n                      <block type=\"math_number\" id=\"^wSl~D!fVFXrPY:6k|ho\">\n                        <field name=\"NUM\">0</field>\n                      </block>\n                    </value>\n                  </block>\n                </value>\n                <next>\n                  <block type=\"variables_set\" id=\"n.jutMSh2-.qLOZif`un\">\n                    <field name=\"VAR\">左手腕靠上距離</field>\n                    <value name=\"VALUE\">\n                      <block type=\"posenet_person\" id=\"Fg:qYK2cdN4%^_69x`h6\">\n                        <field name=\"part_\">rightWrist</field>\n                        <field name=\"data_\">y</field>\n                        <value name=\"person_\">\n                          <block type=\"math_number\" id=\"6JGlPQ0Ok6)T+c`12DJm\">\n                            <field name=\"NUM\">0</field>\n                          </block>\n                        </value>\n                      </block>\n                    </value>\n                    <next>\n                      <block type=\"variables_set\" id=\"1X1_XIPNX-F.AfaUi1kC\">\n                        <field name=\"VAR\">鼻子靠左距離</field>\n                        <value name=\"VALUE\">\n                          <block type=\"posenet_person\" id=\"BL]hE!%(uIy8W+#CQ7z[\">\n                            <field name=\"part_\">nose</field>\n                            <field name=\"data_\">x</field>\n                            <value name=\"person_\">\n                              <block type=\"math_number\" id=\"pw4#G}uP)4{hK`R^f((6\">\n                                <field name=\"NUM\">0</field>\n                              </block>\n                            </value>\n                          </block>\n                        </value>\n                        <next>\n                          <block type=\"variables_set\" id=\"3|98S+AHNai:[js}+gGf\">\n                            <field name=\"VAR\">鼻子靠上距離</field>\n                            <value name=\"VALUE\">\n                              <block type=\"posenet_person\" id=\"Ehz+k:0#J*2%yOukW?vP\">\n                                <field name=\"part_\">nose</field>\n                                <field name=\"data_\">y</field>\n                                <value name=\"person_\">\n                                  <block type=\"math_number\" id=\"IKRjh6ESSNL!)Yz`lFk}\">\n                                    <field name=\"NUM\">0</field>\n                                  </block>\n                                </value>\n                              </block>\n                            </value>\n                            <next>\n                              <block type=\"variables_set\" id=\"epvv=J,OC9nB(#YN_300\">\n                                <field name=\"VAR\">右肩靠左距離</field>\n                                <value name=\"VALUE\">\n                                  <block type=\"posenet_person\" id=\"XYM}2ojr6;:0zgTUhnV^\">\n                                    <field name=\"part_\">leftShoulder</field>\n                                    <field name=\"data_\">x</field>\n                                    <value name=\"person_\">\n                                      <block type=\"math_number\" id=\"k[wZ4iJ-QsiiSQo{7i-!\">\n                                        <field name=\"NUM\">0</field>\n                                      </block>\n                                    </value>\n                                  </block>\n                                </value>\n                                <next>\n                                  <block type=\"variables_set\" id=\"4.z|#uVm^~wW1PM3ulQx\">\n                                    <field name=\"VAR\">右肩靠上距離</field>\n                                    <value name=\"VALUE\">\n                                      <block type=\"posenet_person\" id=\"EMSTfX_)pD_=lt#oZ=tV\">\n                                        <field name=\"part_\">leftShoulder</field>\n                                        <field name=\"data_\">y</field>\n                                        <value name=\"person_\">\n                                          <block type=\"math_number\" id=\"wof{/Q)vXogV,Sl]yMdq\">\n                                            <field name=\"NUM\">0</field>\n                                          </block>\n                                        </value>\n                                      </block>\n                                    </value>\n                                    <next>\n                                      <block type=\"variables_set\" id=\"Y6!0%Ww@UyUofMU=wU1u\">\n                                        <field name=\"VAR\">左肩靠左距離</field>\n                                        <value name=\"VALUE\">\n                                          <block type=\"posenet_person\" id=\"f0f@h[78XJ^PAq+tl[DZ\">\n                                            <field name=\"part_\">rightShoulder</field>\n                                            <field name=\"data_\">x</field>\n                                            <value name=\"person_\">\n                                              <block type=\"math_number\" id=\"m1D[u6)Qy]I`Rc=(?HL(\">\n                                                <field name=\"NUM\">0</field>\n                                              </block>\n                                            </value>\n                                          </block>\n                                        </value>\n                                        <next>\n                                          <block type=\"variables_set\" id=\"vmVgG~4q@NSPo8%50g!6\">\n                                            <field name=\"VAR\">左肩靠上距離</field>\n                                            <value name=\"VALUE\">\n                                              <block type=\"posenet_person\" id=\"1NaBRhKa@?;^S)|-E*7;\">\n                                                <field name=\"part_\">rightShoulder</field>\n                                                <field name=\"data_\">y</field>\n                                                <value name=\"person_\">\n                                                  <block type=\"math_number\" id=\"dgiOrfzg!.I{ejn(!%d%\">\n                                                    <field name=\"NUM\">0</field>\n                                                  </block>\n                                                </value>\n                                              </block>\n                                            </value>\n                                          </block>\n                                        </next>\n                                      </block>\n                                    </next>\n                                  </block>\n                                </next>\n                              </block>\n                            </next>\n                          </block>\n                        </next>\n                      </block>\n                    </next>\n                  </block>\n                </next>\n              </block>\n            </next>\n          </block>\n        </next>\n      </block>\n    </statement>\n  </block>\n</xml>","customBlocks":["/blockly/custom-blocks/google-sheets/blockly.json","/blockly/custom-blocks/weather/blockly.json","/blockly/custom-blocks/radio/blockly.json","/blockly/custom-blocks/line/blockly.json","https://fustyles.github.io/webduino/EDU_addCustomBlocks/blockly.json","/blockly/custom-blocks/basic-package/blockly.json","/blockly/custom-blocks/full-package/blockly.json","/blockly/custom-blocks/youtube/blockly.json","/blockly/custom-blocks/video-sensing/blockly.json","/blockly/custom-blocks/car-package/blockly.json","/blockly/custom-blocks/tracking-js/blockly.json","/blockly/custom-blocks/microphone/blockly.json","https://fustyles.github.io/webduino/instascan.js_20201012/blockly.json","https://fustyles.github.io/webduino/tesseract.js_20201012/blockly.json","https://fustyles.github.io/webduino/coco-ssd_20201012/blockly.json","https://fustyles.github.io/webduino/faceapi_recognize_20201012/blockly.json","https://fustyles.github.io/webduino/mobilenet_20201012/blockly.json","https://fustyles.github.io/webduino/teachablemachine_20201012/blockly.json","https://fustyles.github.io/webduino/trackingface_20201012/blockly.json","https://fustyles.github.io/webduino/faceapi_detect_20201012/blockly.json","https://fustyles.github.io/webduino/trackingcolor_20201012/blockly.json","https://fustyles.github.io/webduino/posenet_20201012/blockly.json","https://fustyles.github.io/webduino/knn-classifier_20201012/blockly.json","https://fustyles.github.io/webduino/Blazeface_20201012/blockly.json","https://fustyles.github.io/webduino/GameElements_20190131/blockly.json"]}