{"platform":"wbit","type":"json","xml":"<xml xmlns=\"http://www.w3.org/1999/xhtml\">\n  <block type=\"board\" id=\"**`/zyBFaycX*c_-@@;j\" x=\"13\" y=\"13\">\n    <field name=\"type_\">usb</field>\n    <statement name=\"callbacks_\">\n      <block type=\"variables_set\" id=\"aK]i0Nl1X3AJezxW#8:I\">\n        <field name=\"VAR\">說明</field>\n        <value name=\"VALUE\">\n          <block type=\"text\" id=\"tiyLu?2`7x2ZrgE#7sQj\">\n            <field name=\"TEXT\">請以瀏覽器版執行語音辨識</field>\n          </block>\n        </value>\n        <next>\n          <block type=\"demo_monster_talk\" id=\"B=b?t=Sk34#R4GQi;3J,\">\n            <field name=\"name_\">demoMonster01</field>\n            <value name=\"val_\">\n              <block type=\"text\" id=\")uTgoZlb1x+-B63UI9;H\">\n                <field name=\"TEXT\">語音辨識中...</field>\n              </block>\n            </value>\n            <next>\n              <block type=\"controls_loop_forever\" id=\"0iP`j:,enYf~fhC7_D_T\">\n                <field name=\"async\">TRUE</field>\n                <statement name=\"do_\">\n                  <block type=\"speech_recognition\" id=\":rwJ(RC/C!6dxzO1y%vS\">\n                    <field name=\"lang_\">cmn-Hant-TW</field>\n                    <comment pinned=\"false\" h=\"80\" w=\"160\">語音辨識之後，才會繼續執行下方程式</comment>\n                    <next>\n                      <block type=\"variables_set\" id=\"{uOkIuJ~o_j_k499]z|_\">\n                        <field name=\"VAR\">辨識結果</field>\n                        <value name=\"VALUE\">\n                          <block type=\"speech_recognition_value\" id=\"jAD[Ttz+eiWK]Zia/SVk\"></block>\n                        </value>\n                        <next>\n                          <block type=\"demo_monster_talk\" id=\"?mbk7!n2v.0z+v6.{-~;\">\n                            <field name=\"name_\">demoMonster01</field>\n                            <value name=\"val_\">\n                              <block type=\"variables_get\" id=\"BeWsDf-2klv]V!ro3O,^\">\n                                <field name=\"VAR\">辨識結果</field>\n                              </block>\n                            </value>\n                            <next>\n                              <block type=\"controls_if\" id=\"~t%];RQV-,5cg+u8JRWu\">\n                                <value name=\"IF0\">\n                                  <block type=\"logic_compare\" id=\"qd+c:TK=(f,h`aU.k^6U\">\n                                    <field name=\"OP\">EQ</field>\n                                    <value name=\"A\">\n                                      <block type=\"variables_get\" id=\"{ZdrZ~1Fx}+UU[P-EUOX\">\n                                        <field name=\"VAR\">辨識結果</field>\n                                      </block>\n                                    </value>\n                                    <value name=\"B\">\n                                      <block type=\"text\" id=\"ebJ:9X];+X9Dji}DCK^K\">\n                                        <field name=\"TEXT\">開鎖</field>\n                                      </block>\n                                    </value>\n                                  </block>\n                                </value>\n                                <statement name=\"DO0\">\n                                  <block type=\"full_relay_state\" id=\"mwym=X%SE-TnX=9auhF@\">\n                                    <field name=\"pin_\">2</field>\n                                    <field name=\"state_\">on</field>\n                                    <next>\n                                      <block type=\"delay\" id=\"YT~aUjQ+22*jD+DrT=Yq\">\n                                        <value name=\"secs_\">\n                                          <block type=\"math_number\" id=\"mtbWo3U%1jBexQPPcLFv\">\n                                            <field name=\"NUM\">5</field>\n                                          </block>\n                                        </value>\n                                        <next>\n                                          <block type=\"full_relay_state\" id=\"BPriH^%f3oJF%wOvm!T|\">\n                                            <field name=\"pin_\">2</field>\n                                            <field name=\"state_\">off</field>\n                                            <next>\n                                              <block type=\"demo_monster_talk\" id=\"OKOke{;|s/fl!uV.c(cc\">\n                                                <field name=\"name_\">demoMonster01</field>\n                                                <value name=\"val_\">\n                                                  <block type=\"text\" id=\"h0L_^,eFg,P5`68*nlyH\">\n                                                    <field name=\"TEXT\">語音辨識中...</field>\n                                                  </block>\n                                                </value>\n                                              </block>\n                                            </next>\n                                          </block>\n                                        </next>\n                                      </block>\n                                    </next>\n                                  </block>\n                                </statement>\n                              </block>\n                            </next>\n                          </block>\n                        </next>\n                      </block>\n                    </next>\n                  </block>\n                </statement>\n              </block>\n            </next>\n          </block>\n        </next>\n      </block>\n    </statement>\n  </block>\n</xml>","customBlocks":["/blockly/custom-blocks/google-sheets/blockly.json","/blockly/custom-blocks/weather/blockly.json","/blockly/custom-blocks/radio/blockly.json","/blockly/custom-blocks/line/blockly.json","https://fustyles.github.io/webduino/EDU_addCustomBlocks/blockly.json","/blockly/custom-blocks/basic-package/blockly.json","/blockly/custom-blocks/full-package/blockly.json","/blockly/custom-blocks/youtube/blockly.json","/blockly/custom-blocks/video-sensing/blockly.json","/blockly/custom-blocks/car-package/blockly.json","/blockly/custom-blocks/tracking-js/blockly.json","/blockly/custom-blocks/microphone/blockly.json","https://fustyles.github.io/webduino/instascan.js_20201012/blockly.json","https://fustyles.github.io/webduino/tesseract.js_20201012/blockly.json","https://fustyles.github.io/webduino/coco-ssd_20201012/blockly.json","https://fustyles.github.io/webduino/faceapi_recognize_20201012/blockly.json","https://fustyles.github.io/webduino/mobilenet_20201012/blockly.json","https://fustyles.github.io/webduino/teachablemachine_20201012/blockly.json","https://fustyles.github.io/webduino/trackingface_20201012/blockly.json","https://fustyles.github.io/webduino/faceapi_detect_20201012/blockly.json","https://fustyles.github.io/webduino/trackingcolor_20201012/blockly.json","https://fustyles.github.io/webduino/posenet_20201012/blockly.json","https://fustyles.github.io/webduino/knn-classifier_20201012/blockly.json","https://fustyles.github.io/webduino/Blazeface_20201012/blockly.json","https://fustyles.github.io/webduino/GameElements_20190131/blockly.json"]}