{"platform":"wbit","type":"json","xml":"<xml xmlns=\"http://www.w3.org/1999/xhtml\">\n  <block type=\"board\" id=\"R#C;wU9MuAS3,%oNIo/9\" x=\"13\" y=\"13\">\n    <field name=\"type_\">bit</field>\n    <statement name=\"callbacks_\">\n      <block type=\"posenet_video\" id=\"q7jD1ovy2mBvx0G9*qIf\">\n        <field name=\"modelname_\">ResNet50</field>\n        <field name=\"video_\">block</field>\n        <field name=\"skeleton_\">block</field>\n        <field name=\"persons_\">1</field>\n        <field name=\"scorelimit_\">0.5</field>\n        <field name=\"result_\">none</field>\n        <field name=\"mirrorimage_\">1</field>\n        <field name=\"opacity_\">1</field>\n        <next>\n          <block type=\"posenet_startvideo_media\" id=\"?AwL,a)6Il}2R;v{XasK\">\n            <field name=\"facing_\">front</field>\n            <value name=\"index_\">\n              <block type=\"math_number\" id=\"_#{.c7YF#q=B4?lrDs/3\">\n                <field name=\"NUM\">0</field>\n              </block>\n            </value>\n            <value name=\"width_\">\n              <block type=\"math_number\" id=\"tZqF;X~ufvR+-8#zpMxv\">\n                <field name=\"NUM\">320</field>\n              </block>\n            </value>\n            <value name=\"height_\">\n              <block type=\"math_number\" id=\":6w8Mk47A*LDXM/,1yru\">\n                <field name=\"NUM\">240</field>\n              </block>\n            </value>\n            <next>\n              <block type=\"variables_set\" id=\"8Rm3cS+#jCH1cJ=GT==v\">\n                <field name=\"VAR\">分數下限</field>\n                <value name=\"VALUE\">\n                  <block type=\"math_number\" id=\"@xF0G8hexWV-9-prWil8\">\n                    <field name=\"NUM\">0.5</field>\n                  </block>\n                </value>\n                <next>\n                  <block type=\"demo_monster_talk\" id=\"WbYye+IKp1HEFIv.w8@g\">\n                    <field name=\"name_\">demoMonster01</field>\n                    <value name=\"val_\">\n                      <block type=\"text_join\" id=\"R@Ra-rcj#P.A.g5VLm[[\">\n                        <mutation items=\"3\"></mutation>\n                        <value name=\"ADD0\">\n                          <block type=\"text\" id=\"Uz]JmsPiaZn)}CyIeN!,\">\n                            <field name=\"TEXT\">超人起飛開啟電燈</field>\n                          </block>\n                        </value>\n                        <value name=\"ADD1\">\n                          <block type=\"text_wrap\" id=\"2=-SL-(ddUt*Y?kg|^NB\"></block>\n                        </value>\n                        <value name=\"ADD2\">\n                          <block type=\"text\" id=\"Yc:k;)k](BH9TR:@jiT%\">\n                            <field name=\"TEXT\">超人投降關閉電燈</field>\n                          </block>\n                        </value>\n                      </block>\n                    </value>\n                    <next>\n                      <block type=\"controls_loop_forever\" id=\"muR@VlDqm}1:51:Q[9^;\">\n                        <field name=\"async\">TRUE</field>\n                        <statement name=\"do_\">\n                          <block type=\"controls_if\" id=\"qGif!iFpbUixnCWs!0!Y\">\n                            <value name=\"IF0\">\n                              <block type=\"logic_operation\" id=\"u;I8S2Syq`x_hN2MgogL\">\n                                <field name=\"OP\">AND</field>\n                                <value name=\"A\">\n                                  <block type=\"logic_compare\" id=\"f%:!1M9T1iH}WL/bQS)d\">\n                                    <field name=\"OP\">GTE</field>\n                                    <value name=\"A\">\n                                      <block type=\"posenet_person\" id=\"x^=+-NAU5lq{9,?^Gc~x\">\n                                        <field name=\"part_\">leftWrist</field>\n                                        <field name=\"data_\">score</field>\n                                        <value name=\"person_\">\n                                          <block type=\"math_number\" id=\"nP%c}ZCP;nmh7~T5zsJn\">\n                                            <field name=\"NUM\">0</field>\n                                          </block>\n                                        </value>\n                                      </block>\n                                    </value>\n                                    <value name=\"B\">\n                                      <block type=\"variables_get\" id=\"wvDba|#Eb|o+PT)S2II}\">\n                                        <field name=\"VAR\">分數下限</field>\n                                      </block>\n                                    </value>\n                                  </block>\n                                </value>\n                                <value name=\"B\">\n                                  <block type=\"logic_compare\" id=\"]fKyHSl~1WZ#^e(;_iAc\">\n                                    <field name=\"OP\">GTE</field>\n                                    <value name=\"A\">\n                                      <block type=\"posenet_person\" id=\":j4wYTR-(;yB#C`0KNo[\">\n                                        <field name=\"part_\">rightWrist</field>\n                                        <field name=\"data_\">score</field>\n                                        <value name=\"person_\">\n                                          <block type=\"math_number\" id=\"?Sjw.Ab%*8vC?4rp6X*%\">\n                                            <field name=\"NUM\">0</field>\n                                          </block>\n                                        </value>\n                                      </block>\n                                    </value>\n                                    <value name=\"B\">\n                                      <block type=\"variables_get\" id=\"yx]}s9n;}1=VgbE:mznY\">\n                                        <field name=\"VAR\">分數下限</field>\n                                      </block>\n                                    </value>\n                                  </block>\n                                </value>\n                              </block>\n                            </value>\n                            <statement name=\"DO0\">\n                              <block type=\"variables_set\" id=\"4?4F3Gpo:RvV*}#M,W@)\">\n                                <field name=\"VAR\">右手腕靠左距離</field>\n                                <value name=\"VALUE\">\n                                  <block type=\"posenet_person\" id=\"LZ,Z.a;SIv0c2_;-PG@v\">\n                                    <field name=\"part_\">leftWrist</field>\n                                    <field name=\"data_\">x</field>\n                                    <value name=\"person_\">\n                                      <block type=\"math_number\" id=\"_z]Yhl9P0*H.k`U.4a#6\">\n                                        <field name=\"NUM\">0</field>\n                                      </block>\n                                    </value>\n                                  </block>\n                                </value>\n                                <next>\n                                  <block type=\"variables_set\" id=\"6!+~,Zt;HX?A^d+95A^a\">\n                                    <field name=\"VAR\">右手腕靠上距離</field>\n                                    <value name=\"VALUE\">\n                                      <block type=\"posenet_person\" id=\"e8IBc)H#REwUEWDJr)%.\">\n                                        <field name=\"part_\">leftWrist</field>\n                                        <field name=\"data_\">y</field>\n                                        <value name=\"person_\">\n                                          <block type=\"math_number\" id=\"G,iw.Up%NWm[1-5jXsKa\">\n                                            <field name=\"NUM\">0</field>\n                                          </block>\n                                        </value>\n                                      </block>\n                                    </value>\n                                    <next>\n                                      <block type=\"variables_set\" id=\"%^juzA4KDq,siX8h_BK^\">\n                                        <field name=\"VAR\">左手腕靠左距離</field>\n                                        <value name=\"VALUE\">\n                                          <block type=\"posenet_person\" id=\"d[:,]an3;Z_AGvwLbL6x\">\n                                            <field name=\"part_\">rightWrist</field>\n                                            <field name=\"data_\">x</field>\n                                            <value name=\"person_\">\n                                              <block type=\"math_number\" id=\"^wSl~D!fVFXrPY:6k|ho\">\n                                                <field name=\"NUM\">0</field>\n                                              </block>\n                                            </value>\n                                          </block>\n                                        </value>\n                                        <next>\n                                          <block type=\"variables_set\" id=\"n.jutMSh2-.qLOZif`un\">\n                                            <field name=\"VAR\">左手腕靠上距離</field>\n                                            <value name=\"VALUE\">\n                                              <block type=\"posenet_person\" id=\"Fg:qYK2cdN4%^_69x`h6\">\n                                                <field name=\"part_\">rightWrist</field>\n                                                <field name=\"data_\">y</field>\n                                                <value name=\"person_\">\n                                                  <block type=\"math_number\" id=\"6JGlPQ0Ok6)T+c`12DJm\">\n                                                    <field name=\"NUM\">0</field>\n                                                  </block>\n                                                </value>\n                                              </block>\n                                            </value>\n                                            <next>\n                                              <block type=\"variables_set\" id=\"1X1_XIPNX-F.AfaUi1kC\">\n                                                <field name=\"VAR\">鼻子靠左距離</field>\n                                                <value name=\"VALUE\">\n                                                  <block type=\"posenet_person\" id=\"BL]hE!%(uIy8W+#CQ7z[\">\n                                                    <field name=\"part_\">nose</field>\n                                                    <field name=\"data_\">x</field>\n                                                    <value name=\"person_\">\n                                                      <block type=\"math_number\" id=\"pw4#G}uP)4{hK`R^f((6\">\n                                                        <field name=\"NUM\">0</field>\n                                                      </block>\n                                                    </value>\n                                                  </block>\n                                                </value>\n                                                <next>\n                                                  <block type=\"variables_set\" id=\"3|98S+AHNai:[js}+gGf\">\n                                                    <field name=\"VAR\">鼻子靠上距離</field>\n                                                    <value name=\"VALUE\">\n                                                      <block type=\"posenet_person\" id=\"Ehz+k:0#J*2%yOukW?vP\">\n                                                        <field name=\"part_\">nose</field>\n                                                        <field name=\"data_\">y</field>\n                                                        <value name=\"person_\">\n                                                          <block type=\"math_number\" id=\"IKRjh6ESSNL!)Yz`lFk}\">\n                                                            <field name=\"NUM\">0</field>\n                                                          </block>\n                                                        </value>\n                                                      </block>\n                                                    </value>\n                                                    <next>\n                                                      <block type=\"variables_set\" id=\"epvv=J,OC9nB(#YN_300\">\n                                                        <field name=\"VAR\">右肩靠左距離</field>\n                                                        <value name=\"VALUE\">\n                                                          <block type=\"posenet_person\" id=\"XYM}2ojr6;:0zgTUhnV^\">\n                                                            <field name=\"part_\">leftShoulder</field>\n                                                            <field name=\"data_\">x</field>\n                                                            <value name=\"person_\">\n                                                              <block type=\"math_number\" id=\"k[wZ4iJ-QsiiSQo{7i-!\">\n                                                                <field name=\"NUM\">0</field>\n                                                              </block>\n                                                            </value>\n                                                          </block>\n                                                        </value>\n                                                        <next>\n                                                          <block type=\"variables_set\" id=\"4.z|#uVm^~wW1PM3ulQx\">\n                                                            <field name=\"VAR\">右肩靠上距離</field>\n                                                            <value name=\"VALUE\">\n                                                              <block type=\"posenet_person\" id=\"EMSTfX_)pD_=lt#oZ=tV\">\n                                                                <field name=\"part_\">leftShoulder</field>\n                                                                <field name=\"data_\">y</field>\n                                                                <value name=\"person_\">\n                                                                  <block type=\"math_number\" id=\"wof{/Q)vXogV,Sl]yMdq\">\n                                                                    <field name=\"NUM\">0</field>\n                                                                  </block>\n                                                                </value>\n                                                              </block>\n                                                            </value>\n                                                            <next>\n                                                              <block type=\"variables_set\" id=\"Y6!0%Ww@UyUofMU=wU1u\">\n                                                                <field name=\"VAR\">左肩靠左距離</field>\n                                                                <value name=\"VALUE\">\n                                                                  <block type=\"posenet_person\" id=\"f0f@h[78XJ^PAq+tl[DZ\">\n                                                                    <field name=\"part_\">rightShoulder</field>\n                                                                    <field name=\"data_\">x</field>\n                                                                    <value name=\"person_\">\n                                                                      <block type=\"math_number\" id=\"m1D[u6)Qy]I`Rc=(?HL(\">\n                                                                        <field name=\"NUM\">0</field>\n                                                                      </block>\n                                                                    </value>\n                                                                  </block>\n                                                                </value>\n                                                                <next>\n                                                                  <block type=\"variables_set\" id=\"vmVgG~4q@NSPo8%50g!6\">\n                                                                    <field name=\"VAR\">左肩靠上距離</field>\n                                                                    <value name=\"VALUE\">\n                                                                      <block type=\"posenet_person\" id=\"1NaBRhKa@?;^S)|-E*7;\">\n                                                                        <field name=\"part_\">rightShoulder</field>\n                                                                        <field name=\"data_\">y</field>\n                                                                        <value name=\"person_\">\n                                                                          <block type=\"math_number\" id=\"dgiOrfzg!.I{ejn(!%d%\">\n                                                                            <field name=\"NUM\">0</field>\n                                                                          </block>\n                                                                        </value>\n                                                                      </block>\n                                                                    </value>\n                                                                    <next>\n                                                                      <block type=\"variables_set\" id=\"_Eo.m7v*vcS]3+Dq=mp}\">\n                                                                        <field name=\"VAR\">兩手腕連線角度</field>\n                                                                        <value name=\"VALUE\">\n                                                                          <block type=\"posenet_angle\" id=\".SpfV+Vi~Me6]e9+W92r\">\n                                                                            <value name=\"x0_\">\n                                                                              <block type=\"variables_get\" id=\"xnyK@11i=Fk6RJHl55Ku\">\n                                                                                <field name=\"VAR\">右手腕靠左距離</field>\n                                                                              </block>\n                                                                            </value>\n                                                                            <value name=\"y0_\">\n                                                                              <block type=\"variables_get\" id=\"@k@2@A+A}zBI_#NZEC?f\">\n                                                                                <field name=\"VAR\">右手腕靠上距離</field>\n                                                                              </block>\n                                                                            </value>\n                                                                            <value name=\"x1_\">\n                                                                              <block type=\"variables_get\" id=\"x]4qkt}(z8r8F2JUlv@H\">\n                                                                                <field name=\"VAR\">左手腕靠上距離</field>\n                                                                              </block>\n                                                                            </value>\n                                                                            <value name=\"y1_\">\n                                                                              <block type=\"variables_get\" id=\":^^H3C;.z4@Zf.:69gvH\">\n                                                                                <field name=\"VAR\">左手腕靠左距離</field>\n                                                                              </block>\n                                                                            </value>\n                                                                          </block>\n                                                                        </value>\n                                                                        <next>\n                                                                          <block type=\"controls_if\" id=\"O+63{(W7KJuGa2eJJ~H+\">\n                                                                            <mutation elseif=\"1\"></mutation>\n                                                                            <value name=\"IF0\">\n                                                                              <block type=\"logic_operation\" id=\".]Zvp5o,P+XKDj~2V^OC\">\n                                                                                <field name=\"OP\">AND</field>\n                                                                                <value name=\"A\">\n                                                                                  <block type=\"logic_compare\" id=\";{Gt9Sz3eka#5k0?|~tS\">\n                                                                                    <field name=\"OP\">GT</field>\n                                                                                    <value name=\"A\">\n                                                                                      <block type=\"variables_get\" id=\"vPn?E+SMo:zK%u.(_Lm:\">\n                                                                                        <field name=\"VAR\">右手腕靠左距離</field>\n                                                                                      </block>\n                                                                                    </value>\n                                                                                    <value name=\"B\">\n                                                                                      <block type=\"variables_get\" id=\"e4:6w)a3SQPKlZTM(Z.Y\">\n                                                                                        <field name=\"VAR\">鼻子靠左距離</field>\n                                                                                      </block>\n                                                                                    </value>\n                                                                                  </block>\n                                                                                </value>\n                                                                                <value name=\"B\">\n                                                                                  <block type=\"logic_operation\" id=\"~{jN/28AI77OfRQ:geM1\">\n                                                                                    <field name=\"OP\">AND</field>\n                                                                                    <value name=\"A\">\n                                                                                      <block type=\"logic_compare\" id=\"5o`%NE_rR36{[;H2lj(m\">\n                                                                                        <field name=\"OP\">LT</field>\n                                                                                        <value name=\"A\">\n                                                                                          <block type=\"variables_get\" id=\"L_5TpoOg:d:!8vG89*MS\">\n                                                                                            <field name=\"VAR\">右手腕靠上距離</field>\n                                                                                          </block>\n                                                                                        </value>\n                                                                                        <value name=\"B\">\n                                                                                          <block type=\"variables_get\" id=\"jphV;R6#46nv^j@.@~Hg\">\n                                                                                            <field name=\"VAR\">鼻子靠上距離</field>\n                                                                                          </block>\n                                                                                        </value>\n                                                                                      </block>\n                                                                                    </value>\n                                                                                    <value name=\"B\">\n                                                                                      <block type=\"logic_operation\" id=\":i~5pX%4%*-{==+EFV|E\">\n                                                                                        <field name=\"OP\">AND</field>\n                                                                                        <value name=\"A\">\n                                                                                          <block type=\"logic_compare\" id=\"tvcjr1x/#47sZWlN;JJs\">\n                                                                                            <field name=\"OP\">GTE</field>\n                                                                                            <value name=\"A\">\n                                                                                              <block type=\"math_arithmetic\" id=\".Ug`LV{1QyqSj}Z9WGa.\">\n                                                                                                <field name=\"OP\">DIVIDE</field>\n                                                                                                <value name=\"A\">\n                                                                                                  <block type=\"math_arithmetic\" id=\"29HrL=M}]TfY?kb8w@*Z\">\n                                                                                                    <field name=\"OP\">MINUS</field>\n                                                                                                    <value name=\"A\">\n                                                                                                      <block type=\"variables_get\" id=\"(Nzb[9M,VTCXV?+7@fEy\">\n                                                                                                        <field name=\"VAR\">左手腕靠上距離</field>\n                                                                                                      </block>\n                                                                                                    </value>\n                                                                                                    <value name=\"B\">\n                                                                                                      <block type=\"variables_get\" id=\"}dsBnvP!K[Hcz~Z`uJCe\">\n                                                                                                        <field name=\"VAR\">左肩靠上距離</field>\n                                                                                                      </block>\n                                                                                                    </value>\n                                                                                                  </block>\n                                                                                                </value>\n                                                                                                <value name=\"B\">\n                                                                                                  <block type=\"math_arithmetic\" id=\"7~euE{vHN.{1T*KnfRcX\">\n                                                                                                    <field name=\"OP\">MINUS</field>\n                                                                                                    <value name=\"A\">\n                                                                                                      <block type=\"variables_get\" id=\"P8b#AlQOmjSzSCsNe%3w\">\n                                                                                                        <field name=\"VAR\">左肩靠上距離</field>\n                                                                                                      </block>\n                                                                                                    </value>\n                                                                                                    <value name=\"B\">\n                                                                                                      <block type=\"variables_get\" id=\"V6reMMEz9TR,=Aw.H-xj\">\n                                                                                                        <field name=\"VAR\">鼻子靠上距離</field>\n                                                                                                      </block>\n                                                                                                    </value>\n                                                                                                  </block>\n                                                                                                </value>\n                                                                                              </block>\n                                                                                            </value>\n                                                                                            <value name=\"B\">\n                                                                                              <block type=\"math_number\" id=\"A0aeMNVo,RM(77b(n2cf\">\n                                                                                                <field name=\"NUM\">-0.5</field>\n                                                                                              </block>\n                                                                                            </value>\n                                                                                          </block>\n                                                                                        </value>\n                                                                                        <value name=\"B\">\n                                                                                          <block type=\"logic_operation\" id=\"WH)Rw,:lK/8Qb)U`0t.D\">\n                                                                                            <field name=\"OP\">AND</field>\n                                                                                            <value name=\"A\">\n                                                                                              <block type=\"logic_compare\" id=\"P9ez?S#v0.kwUrw}bKSx\">\n                                                                                                <field name=\"OP\">LTE</field>\n                                                                                                <value name=\"A\">\n                                                                                                  <block type=\"math_arithmetic\" id=\"2D)g~DZmxk:;gECf~6@X\">\n                                                                                                    <field name=\"OP\">DIVIDE</field>\n                                                                                                    <value name=\"A\">\n                                                                                                      <block type=\"math_arithmetic\" id=\"={OgTT.JQ7LxE[!a(@,r\">\n                                                                                                        <field name=\"OP\">MINUS</field>\n                                                                                                        <value name=\"A\">\n                                                                                                          <block type=\"variables_get\" id=\"c5x;!wtrj[)1(z-8m]x`\">\n                                                                                                            <field name=\"VAR\">左手腕靠上距離</field>\n                                                                                                          </block>\n                                                                                                        </value>\n                                                                                                        <value name=\"B\">\n                                                                                                          <block type=\"variables_get\" id=\"zMudEII[njkW^/X3k3O,\">\n                                                                                                            <field name=\"VAR\">左肩靠上距離</field>\n                                                                                                          </block>\n                                                                                                        </value>\n                                                                                                      </block>\n                                                                                                    </value>\n                                                                                                    <value name=\"B\">\n                                                                                                      <block type=\"math_arithmetic\" id=\"eh#?MxwEq4axbfn?BeY.\">\n                                                                                                        <field name=\"OP\">MINUS</field>\n                                                                                                        <value name=\"A\">\n                                                                                                          <block type=\"variables_get\" id=\"[uWXfh:W/|OJn/r[(-(o\">\n                                                                                                            <field name=\"VAR\">左肩靠上距離</field>\n                                                                                                          </block>\n                                                                                                        </value>\n                                                                                                        <value name=\"B\">\n                                                                                                          <block type=\"variables_get\" id=\"MTyCD)2N!vUDTvW.hKbh\">\n                                                                                                            <field name=\"VAR\">鼻子靠上距離</field>\n                                                                                                          </block>\n                                                                                                        </value>\n                                                                                                      </block>\n                                                                                                    </value>\n                                                                                                  </block>\n                                                                                                </value>\n                                                                                                <value name=\"B\">\n                                                                                                  <block type=\"math_number\" id=\"*.S+,-pFG(H`E]{Z#]6G\">\n                                                                                                    <field name=\"NUM\">1</field>\n                                                                                                  </block>\n                                                                                                </value>\n                                                                                              </block>\n                                                                                            </value>\n                                                                                            <value name=\"B\">\n                                                                                              <block type=\"logic_operation\" id=\"Iy3(VLe.?,%WiH;R;TmD\">\n                                                                                                <field name=\"OP\">AND</field>\n                                                                                                <value name=\"A\">\n                                                                                                  <block type=\"logic_compare\" id=\"{9Yr55PB.o@#~uTJ@?:L\">\n                                                                                                    <field name=\"OP\">LTE</field>\n                                                                                                    <value name=\"A\">\n                                                                                                      <block type=\"variables_get\" id=\"FQDY4khc#:7!Idi8|Pk-\">\n                                                                                                        <field name=\"VAR\">兩手腕連線角度</field>\n                                                                                                      </block>\n                                                                                                    </value>\n                                                                                                    <value name=\"B\">\n                                                                                                      <block type=\"math_number\" id=\"yl~::4n%k7Z[r/#p~BL?\">\n                                                                                                        <field name=\"NUM\">-20</field>\n                                                                                                      </block>\n                                                                                                    </value>\n                                                                                                  </block>\n                                                                                                </value>\n                                                                                                <value name=\"B\">\n                                                                                                  <block type=\"logic_operation\" id=\"V(qHLvJHH#T680C^Ov/`\">\n                                                                                                    <field name=\"OP\">AND</field>\n                                                                                                    <value name=\"A\">\n                                                                                                      <block type=\"logic_compare\" id=\"L3hV/Nb,Xa%_6(p]^*sh\">\n                                                                                                        <field name=\"OP\">GTE</field>\n                                                                                                        <value name=\"A\">\n                                                                                                          <block type=\"variables_get\" id=\"c~x_OfN#0FQ}nXSN|+9c\">\n                                                                                                            <field name=\"VAR\">兩手腕連線角度</field>\n                                                                                                          </block>\n                                                                                                        </value>\n                                                                                                        <value name=\"B\">\n                                                                                                          <block type=\"math_number\" id=\"y8[(DY4c|AlSEyyajx[T\">\n                                                                                                            <field name=\"NUM\">-60</field>\n                                                                                                          </block>\n                                                                                                        </value>\n                                                                                                      </block>\n                                                                                                    </value>\n                                                                                                    <value name=\"B\">\n                                                                                                      <block type=\"logic_compare\" id=\"P~#2BsLOdDZ8aJqrF2I1\">\n                                                                                                        <field name=\"OP\">LT</field>\n                                                                                                        <value name=\"A\">\n                                                                                                          <block type=\"variables_get\" id=\"(5Z]ct%E(V@6XG}dgxfA\">\n                                                                                                            <field name=\"VAR\">右手腕靠上距離</field>\n                                                                                                          </block>\n                                                                                                        </value>\n                                                                                                        <value name=\"B\">\n                                                                                                          <block type=\"variables_get\" id=\"Lwb]#-|V4npxf9aE|_ZX\">\n                                                                                                            <field name=\"VAR\">鼻子靠上距離</field>\n                                                                                                          </block>\n                                                                                                        </value>\n                                                                                                      </block>\n                                                                                                    </value>\n                                                                                                  </block>\n                                                                                                </value>\n                                                                                              </block>\n                                                                                            </value>\n                                                                                          </block>\n                                                                                        </value>\n                                                                                      </block>\n                                                                                    </value>\n                                                                                  </block>\n                                                                                </value>\n                                                                              </block>\n                                                                            </value>\n                                                                            <statement name=\"DO0\">\n                                                                              <block type=\"bit_matrix_color_output\" id=\"gs#9?m4G:oDJe@5`ZK6(\">\n                                                                                <value name=\"color_input\">\n                                                                                  <block type=\"colour_picker\" id=\")Q{|Lk;k3G=MOp}jK!*4\">\n                                                                                    <field name=\"COLOUR\">#ff0000</field>\n                                                                                  </block>\n                                                                                </value>\n                                                                                <next>\n                                                                                  <block type=\"demo_monster_talk\" id=\"r[g;e;f*Oa6I.v}?6}_A\">\n                                                                                    <field name=\"name_\">demoMonster02</field>\n                                                                                    <value name=\"val_\">\n                                                                                      <block type=\"text\" id=\"Wo?B.Nrx#tFkzI(-q[@j\">\n                                                                                        <field name=\"TEXT\">電燈開啟了</field>\n                                                                                      </block>\n                                                                                    </value>\n                                                                                    <next>\n                                                                                      <block type=\"speak_async\" id=\"`?z84!P#l+2T3Jq6l^8,\">\n                                                                                        <comment pinned=\"false\" h=\"80\" w=\"160\">朗讀結束後，才會繼續執行下方程式</comment>\n                                                                                        <value name=\"text_\">\n                                                                                          <block type=\"text\" id=\"-/Z!|htpDezfHD=D35@|\">\n                                                                                            <field name=\"TEXT\">超人起飛</field>\n                                                                                          </block>\n                                                                                        </value>\n                                                                                        <value name=\"setting_\">\n                                                                                          <block type=\"speak_async_setting\" id=\"`.Ldss{VA,ym!_}CsBL2\">\n                                                                                            <field name=\"lang_\">zh-TW</field>\n                                                                                            <field name=\"pitch_\">1</field>\n                                                                                            <field name=\"rate_\">1</field>\n                                                                                          </block>\n                                                                                        </value>\n                                                                                      </block>\n                                                                                    </next>\n                                                                                  </block>\n                                                                                </next>\n                                                                              </block>\n                                                                            </statement>\n                                                                            <value name=\"IF1\">\n                                                                              <block type=\"logic_operation\" id=\"cP3-?t)rp(09iK4?N/-L\">\n                                                                                <field name=\"OP\">AND</field>\n                                                                                <value name=\"A\">\n                                                                                  <block type=\"logic_compare\" id=\"6kYdHLc,JN/o[zW/|Nw)\">\n                                                                                    <field name=\"OP\">LT</field>\n                                                                                    <value name=\"A\">\n                                                                                      <block type=\"variables_get\" id=\"[!L--vM/]~Q.hs2o*+Vw\">\n                                                                                        <field name=\"VAR\">左手腕靠上距離</field>\n                                                                                      </block>\n                                                                                    </value>\n                                                                                    <value name=\"B\">\n                                                                                      <block type=\"variables_get\" id=\"e}pg?6e3(g(O/}nPdS`,\">\n                                                                                        <field name=\"VAR\">鼻子靠上距離</field>\n                                                                                      </block>\n                                                                                    </value>\n                                                                                  </block>\n                                                                                </value>\n                                                                                <value name=\"B\">\n                                                                                  <block type=\"logic_compare\" id=\"@tj:L|=EnIMs3^Cz]8Q`\">\n                                                                                    <field name=\"OP\">LT</field>\n                                                                                    <value name=\"A\">\n                                                                                      <block type=\"variables_get\" id=\"XE({hl_KHt^nf}2ZIlSu\">\n                                                                                        <field name=\"VAR\">右手腕靠上距離</field>\n                                                                                      </block>\n                                                                                    </value>\n                                                                                    <value name=\"B\">\n                                                                                      <block type=\"variables_get\" id=\"8myE7@w5%^pm[q_NojAp\">\n                                                                                        <field name=\"VAR\">鼻子靠上距離</field>\n                                                                                      </block>\n                                                                                    </value>\n                                                                                  </block>\n                                                                                </value>\n                                                                              </block>\n                                                                            </value>\n                                                                            <statement name=\"DO1\">\n                                                                              <block type=\"demo_monster_talk\" id=\"u1YL)GP!Tj/x|Bu,SzHh\">\n                                                                                <field name=\"name_\">demoMonster02</field>\n                                                                                <value name=\"val_\">\n                                                                                  <block type=\"text\" id=\"fHaOz)bUiKT8Tl:+/RWH\">\n                                                                                    <field name=\"TEXT\">電燈關閉了</field>\n                                                                                  </block>\n                                                                                </value>\n                                                                                <next>\n                                                                                  <block type=\"bit_matrix_color_output\" id=\"g|B#Eb(/e^{u^*.AYR3y\">\n                                                                                    <value name=\"color_input\">\n                                                                                      <block type=\"colour_picker\" id=\"@cBe5%)cV+EG%MWKRW13\">\n                                                                                        <field name=\"COLOUR\">#666666</field>\n                                                                                      </block>\n                                                                                    </value>\n                                                                                    <next>\n                                                                                      <block type=\"speak_async\" id=\"!%v:-Jj!3]TZG`cHvw3=\">\n                                                                                        <comment pinned=\"false\" h=\"80\" w=\"160\">朗讀結束後，才會繼續執行下方程式</comment>\n                                                                                        <value name=\"text_\">\n                                                                                          <block type=\"text\" id=\"gjaHtT08(8Cv?HQ1`ZqZ\">\n                                                                                            <field name=\"TEXT\">超人投降</field>\n                                                                                          </block>\n                                                                                        </value>\n                                                                                        <value name=\"setting_\">\n                                                                                          <block type=\"speak_async_setting\" id=\"fi0pwVc)Qy#0?@HEb{U?\">\n                                                                                            <field name=\"lang_\">zh-TW</field>\n                                                                                            <field name=\"pitch_\">1</field>\n                                                                                            <field name=\"rate_\">1</field>\n                                                                                          </block>\n                                                                                        </value>\n                                                                                      </block>\n                                                                                    </next>\n                                                                                  </block>\n                                                                                </next>\n                                                                              </block>\n                                                                            </statement>\n                                                                          </block>\n                                                                        </next>\n                                                                      </block>\n                                                                    </next>\n                                                                  </block>\n                                                                </next>\n                                                              </block>\n                                                            </next>\n                                                          </block>\n                                                        </next>\n                                                      </block>\n                                                    </next>\n                                                  </block>\n                                                </next>\n                                              </block>\n                                            </next>\n                                          </block>\n                                        </next>\n                                      </block>\n                                    </next>\n                                  </block>\n                                </next>\n                              </block>\n                            </statement>\n                          </block>\n                        </statement>\n                      </block>\n                    </next>\n                  </block>\n                </next>\n              </block>\n            </next>\n          </block>\n        </next>\n      </block>\n    </statement>\n  </block>\n</xml>","customBlocks":["/blockly/custom-blocks/google-sheets/blockly.json","/blockly/custom-blocks/weather/blockly.json","/blockly/custom-blocks/radio/blockly.json","/blockly/custom-blocks/line/blockly.json","/blockly/custom-blocks/basic-package/blockly.json","/blockly/custom-blocks/full-package/blockly.json","https://fustyles.github.io/webduino/EDU_addCustomBlocks/blockly.json","/bodypix2_20201012/blockly.json","/GameElements_20190131/blockly.json","https://fustyles.github.io/webduino/teachablemachine_20201012/blockly.json","https://fustyles.github.io/webduino/knn-classifier_20201012/blockly.json","https://fustyles.github.io/webduino/instascan.js_20201012/blockly.json","https://fustyles.github.io/webduino/coco-ssd_20201012/blockly.json","https://fustyles.github.io/webduino/faceapi_recognize_20201012/blockly.json","https://fustyles.github.io/webduino/tesseract.js_20201012/blockly.json","https://fustyles.github.io/webduino/mobilenet_20201012/blockly.json","https://fustyles.github.io/webduino/trackingface_20201012/blockly.json","https://fustyles.github.io/webduino/posenet_20201012/blockly.json","https://fustyles.github.io/webduino/faceapi_detect_20201012/blockly.json","https://fustyles.github.io/webduino/Blazeface_20201012/blockly.json","https://fustyles.github.io/webduino/trackingcolor_20201012/blockly.json","/blockly/custom-blocks/youtube/blockly.json","/blockly/custom-blocks/tracking-js/blockly.json","/blockly/custom-blocks/video-sensing/blockly.json","/blockly/custom-blocks/car-package/blockly.json","/blockly/custom-blocks/microphone/blockly.json"]}