<xml xmlns="http://www.w3.org/1999/xhtml">
  <block type="board" id="0oBv).fD)Uy7Yz,yjA.J" x="-12" y="38">
    <field name="type_">5</field>
    <field name="rate_">250</field>
    <field name="check_">FALSE</field>
    <field name="multi_">FALSE</field>
    <value name="device_">
      <block type="text" id="Fz*M}RH#KSipXaFuNDfh">
        <field name="TEXT">1234</field>
      </block>
    </value>
    <statement name="callbacks_">
      <block type="variables_set" id="F3]/Ek`,qZ{.^gQ%*MdC">
        <field name="VAR">matrix</field>
        <value name="VALUE">
          <block type="matrix_new" id="q3K=^JV^0BnX,s%7u{-X"></block>
        </value>
        <next>
          <block type="variables_set" id="[qh(N]G[)F//WM.Y7I}k">
            <field name="VAR">pwdlength</field>
            <value name="VALUE">
              <block type="math_number" id="3Ag%k0gGaP;C8q(,Q=2e">
                <field name="NUM">3</field>
              </block>
            </value>
            <next>
              <block type="variables_set" id="zPaYRq{8!w*q/1Ue:Gd7">
                <field name="VAR">pwd</field>
                <value name="VALUE">
                  <block type="text" id="R8O;N2RF)fq6zMkswn]0">
                    <field name="TEXT"></field>
                  </block>
                </value>
                <next>
                  <block type="variables_set" id=")}GYPs!FRw31s!#;/+LA">
                    <field name="VAR">state</field>
                    <value name="VALUE">
                      <block type="math_number" id="YFH-k/1.}+Dd#w|s!**g">
                        <field name="NUM">0</field>
                      </block>
                    </value>
                    <next>
                      <block type="variables_set" id="5pcOVV]UD}h}r^gDNaNo">
                        <field name="VAR">readstate</field>
                        <value name="VALUE">
                          <block type="math_number" id="WbbWT1}(HHNVo`kK|c-{">
                            <field name="NUM">0</field>
                          </block>
                        </value>
                        <next>
                          <block type="demo_show_text" id="Y/lOU=I+k^D^VcqKpBaw">
                            <value name="show_">
                              <block type="text" id="Wu+#zY8[w2:4orbG.j);">
                                <field name="TEXT">請說出初始化指令</field>
                              </block>
                            </value>
                            <next>
                              <block type="speak" id="RXtm;pwpsE6D=7oe2*=~">
                                <value name="text_">
                                  <block type="text" id="6kn^H%,[0B%:5ZqPgsnD">
                                    <field name="TEXT">請說出初始化指令</field>
                                  </block>
                                </value>
                                <value name="setting_">
                                  <block type="speak_setting_sample" id="J+KH8f35Gen0i.F%M4F_">
                                    <field name="lang_">zh-TW</field>
                                    <field name="volume_">1</field>
                                    <field name="pitch_">1</field>
                                    <field name="rate_">1</field>
                                  </block>
                                </value>
                                <next>
                                  <block type="sound_recognition" id="=oe3y}emUImn8TR|o0:D">
                                    <field name="lang_">cmn-Hant-TW</field>
                                    <field name="interimResults_">on</field>
                                    <statement name="recognition_">
                                      <block type="variables_set" id="0z{I!!1%RWqL.[,GUn4x">
                                        <field name="VAR">getword</field>
                                        <value name="VALUE">
                                          <block type="sound_recognition_text" id="boscO(Utt_7]b1EYq/s9"></block>
                                        </value>
                                        <next>
                                          <block type="controls_if" id="ZX%J=5e)vc,C3;IlQ-`Z">
                                            <value name="IF0">
                                              <block type="logic_compare" id="ng*6oF,3QRuxy(Z{L|`E">
                                                <field name="OP">EQ</field>
                                                <value name="A">
                                                  <block type="variables_get" id=";1Qvv2qsAyE3}/)A8oGD">
                                                    <field name="VAR">readstate</field>
                                                  </block>
                                                </value>
                                                <value name="B">
                                                  <block type="math_number" id="xQLmd^-%e_}4q+/.-dZK">
                                                    <field name="NUM">0</field>
                                                  </block>
                                                </value>
                                              </block>
                                            </value>
                                            <statement name="DO0">
                                              <block type="controls_if" id="Bq9(?4xyGOC8GmMHq=bH">
                                                <mutation elseif="2"></mutation>
                                                <value name="IF0">
                                                  <block type="logic_compare" id="KqsSrxeex};;xHWW,S~1">
                                                    <field name="OP">EQ</field>
                                                    <value name="A">
                                                      <block type="variables_get" id="m!XP{!?p*qz5!Qsug)Oi">
                                                        <field name="VAR">state</field>
                                                      </block>
                                                    </value>
                                                    <value name="B">
                                                      <block type="math_number" id="VqZ9o,n-](/v+xD6dBm|">
                                                        <field name="NUM">0</field>
                                                      </block>
                                                    </value>
                                                  </block>
                                                </value>
                                                <statement name="DO0">
                                                  <block type="demo_show_text" id="Uzy?J8:%C`sF)V?F.G{{">
                                                    <value name="show_">
                                                      <block type="variables_get" id="=#Whue=V:%92WLDs,C=^">
                                                        <field name="VAR">getword</field>
                                                      </block>
                                                    </value>
                                                    <next>
                                                      <block type="controls_if" id="D2EV3,J}FWBJUm}`5N.W">
                                                        <value name="IF0">
                                                          <block type="logic_compare" id="P_mX(N*dcY5MqmEMeUVJ">
                                                            <field name="OP">GT</field>
                                                            <value name="A">
                                                              <block type="text_indexOf" id="yyi]x5PiwFBU;_-0mQYi">
                                                                <field name="END">FIRST</field>
                                                                <value name="VALUE">
                                                                  <block type="variables_get" id="9m)G)31LM;EN{PV~Q_v+">
                                                                    <field name="VAR">getword</field>
                                                                  </block>
                                                                </value>
                                                                <value name="FIND">
                                                                  <block type="text" id="TQ6M+e1^YDa+b1ro8gN/">
                                                                    <field name="TEXT">設定密碼</field>
                                                                  </block>
                                                                </value>
                                                              </block>
                                                            </value>
                                                            <value name="B">
                                                              <block type="math_number" id="!A*:Q1PgtQIE2tFN^ed-">
                                                                <field name="NUM">0</field>
                                                              </block>
                                                            </value>
                                                          </block>
                                                        </value>
                                                        <statement name="DO0">
                                                          <block type="variables_set" id="~)R`L3{M]6GH875jY5,n">
                                                            <field name="VAR">readstate</field>
                                                            <value name="VALUE">
                                                              <block type="math_number" id="j:Pv#lw-MMw6Y{6#1SDk">
                                                                <field name="NUM">1</field>
                                                              </block>
                                                            </value>
                                                            <next>
                                                              <block type="delay" id="oflVh%%|E+Y_MD!V=f/2">
                                                                <value name="secs_">
                                                                  <block type="math_number" id="WIbL!GY=Zo6i_SEQJGQ`">
                                                                    <field name="NUM">1</field>
                                                                  </block>
                                                                </value>
                                                                <next>
                                                                  <block type="demo_show_text" id="SOq5o3}6cfZ,T;Oet:b3">
                                                                    <value name="show_">
                                                                      <block type="text_join" id="%_JfV8Duo#-8m()%DhJe">
                                                                        <mutation items="3"></mutation>
                                                                        <value name="ADD0">
                                                                          <block type="text" id="mYANONOqxu;oB_L_LIN]">
                                                                            <field name="TEXT">請設定</field>
                                                                          </block>
                                                                        </value>
                                                                        <value name="ADD1">
                                                                          <block type="variables_get" id="84zf~65+~EHv4^^:v~M_">
                                                                            <field name="VAR">pwdlength</field>
                                                                          </block>
                                                                        </value>
                                                                        <value name="ADD2">
                                                                          <block type="text" id="8t!olOcG!`4w4@g}:|HE">
                                                                            <field name="TEXT">個字密碼</field>
                                                                          </block>
                                                                        </value>
                                                                      </block>
                                                                    </value>
                                                                    <next>
                                                                      <block type="speak" id="f)I/V%o=_UU-AQ~Btx+^">
                                                                        <value name="text_">
                                                                          <block type="text_join" id="1/cjecW@3`eH:hQ?OgeL">
                                                                            <mutation items="3"></mutation>
                                                                            <value name="ADD0">
                                                                              <block type="text" id="TZ)d![Q=]qlMwM@L:z]L">
                                                                                <field name="TEXT">請設定</field>
                                                                              </block>
                                                                            </value>
                                                                            <value name="ADD1">
                                                                              <block type="variables_get" id="P{L/osyVDqQp4]E~;=0E">
                                                                                <field name="VAR">pwdlength</field>
                                                                              </block>
                                                                            </value>
                                                                            <value name="ADD2">
                                                                              <block type="text" id="BCwPBWX-R;EwwKnA,(oA">
                                                                                <field name="TEXT">個字密碼</field>
                                                                              </block>
                                                                            </value>
                                                                          </block>
                                                                        </value>
                                                                        <value name="setting_">
                                                                          <block type="speak_setting_sample" id=".iENKZ@EYfkng,fJ6G=5">
                                                                            <field name="lang_">zh-TW</field>
                                                                            <field name="volume_">1</field>
                                                                            <field name="pitch_">1</field>
                                                                            <field name="rate_">1</field>
                                                                          </block>
                                                                        </value>
                                                                        <next>
                                                                          <block type="variables_set" id="OY7xn2UZ_A3zrKJLP:)c">
                                                                            <field name="VAR">state</field>
                                                                            <value name="VALUE">
                                                                              <block type="math_number" id="LVNl99)sdGIwbSzbBvDP">
                                                                                <field name="NUM">1</field>
                                                                              </block>
                                                                            </value>
                                                                            <next>
                                                                              <block type="variables_set" id="ZiE[B|4z*7P1Ca[_%CdF">
                                                                                <field name="VAR">readstate</field>
                                                                                <value name="VALUE">
                                                                                  <block type="math_number" id="7aedlOYfvtqy(ZuFyWF9">
                                                                                    <field name="NUM">0</field>
                                                                                  </block>
                                                                                </value>
                                                                              </block>
                                                                            </next>
                                                                          </block>
                                                                        </next>
                                                                      </block>
                                                                    </next>
                                                                  </block>
                                                                </next>
                                                              </block>
                                                            </next>
                                                          </block>
                                                        </statement>
                                                      </block>
                                                    </next>
                                                  </block>
                                                </statement>
                                                <value name="IF1">
                                                  <block type="logic_compare" id="l%#?!=4sZa_;,@2]:Tgc">
                                                    <field name="OP">EQ</field>
                                                    <value name="A">
                                                      <block type="variables_get" id="IJ~36!^/7uF;G4Lhjf%[">
                                                        <field name="VAR">state</field>
                                                      </block>
                                                    </value>
                                                    <value name="B">
                                                      <block type="math_number" id="*xSzBZ(up7P0ik.#,g6.">
                                                        <field name="NUM">1</field>
                                                      </block>
                                                    </value>
                                                  </block>
                                                </value>
                                                <statement name="DO1">
                                                  <block type="controls_if" id="1H+2!(hS2;A=:.A;-?FF">
                                                    <mutation else="1"></mutation>
                                                    <value name="IF0">
                                                      <block type="logic_compare" id="^CH1aCC;F(.p;rEp4xo_">
                                                        <field name="OP">EQ</field>
                                                        <value name="A">
                                                          <block type="text_length" id="^4}Ig{e-)ZV35}ce.+:t">
                                                            <value name="VALUE">
                                                              <block type="variables_get" id="ZgY`D[v;z87!Epe)zjN~">
                                                                <field name="VAR">getword</field>
                                                              </block>
                                                            </value>
                                                          </block>
                                                        </value>
                                                        <value name="B">
                                                          <block type="variables_get" id="J;0lBTZIdu|}DI)mQAL%">
                                                            <field name="VAR">pwdlength</field>
                                                          </block>
                                                        </value>
                                                      </block>
                                                    </value>
                                                    <statement name="DO0">
                                                      <block type="variables_set" id="2F-@ds~wzU5|{,wb25%/">
                                                        <field name="VAR">readstate</field>
                                                        <value name="VALUE">
                                                          <block type="math_number" id="B)-ynHhs9jR=z!_=T0c}">
                                                            <field name="NUM">1</field>
                                                          </block>
                                                        </value>
                                                        <next>
                                                          <block type="variables_set" id="85aLae=S?J]Ph1n@[a:4">
                                                            <field name="VAR">pwd</field>
                                                            <value name="VALUE">
                                                              <block type="variables_get" id="_A?C*-peiQp^aEWFdY%w">
                                                                <field name="VAR">getword</field>
                                                              </block>
                                                            </value>
                                                            <next>
                                                              <block type="demo_show_text" id="o-pbmr@.NSlI[+!`8TE~">
                                                                <value name="show_">
                                                                  <block type="text_join" id="u[]NT,OhnP^OkT+7/^wK">
                                                                    <mutation items="4"></mutation>
                                                                    <value name="ADD0">
                                                                      <block type="text" id="JzgM99~}~;gc(Dv4x)**">
                                                                        <field name="TEXT">密碼設定成功</field>
                                                                      </block>
                                                                    </value>
                                                                    <value name="ADD1">
                                                                      <block type="text_wrap" id="|?Nw%bKgg)=O(f#DM(4,"></block>
                                                                    </value>
                                                                    <value name="ADD2">
                                                                      <block type="text_wrap" id="-s0z[Tgy63zc(%G*vqp-"></block>
                                                                    </value>
                                                                    <value name="ADD3">
                                                                      <block type="variables_get" id="x6iU.ks7,OGN@8MwmBa,">
                                                                        <field name="VAR">getword</field>
                                                                      </block>
                                                                    </value>
                                                                  </block>
                                                                </value>
                                                                <next>
                                                                  <block type="speak" id="PdEFEN9@y#u=w+wLwPzP">
                                                                    <value name="text_">
                                                                      <block type="text" id="c-tUODzr~s/C8e/peAq-">
                                                                        <field name="TEXT">密碼設定成功</field>
                                                                      </block>
                                                                    </value>
                                                                    <value name="setting_">
                                                                      <block type="speak_setting_sample" id=".IT3C@*A)JDc9b^B}XDw">
                                                                        <field name="lang_">zh-TW</field>
                                                                        <field name="volume_">1</field>
                                                                        <field name="pitch_">1</field>
                                                                        <field name="rate_">1</field>
                                                                      </block>
                                                                    </value>
                                                                    <next>
                                                                      <block type="delay" id="RsBhn#Ru1S2Ht,sV7z_W">
                                                                        <value name="secs_">
                                                                          <block type="math_number" id="buonp*_ofnckz!d,Lf::">
                                                                            <field name="NUM">5</field>
                                                                          </block>
                                                                        </value>
                                                                        <next>
                                                                          <block type="demo_show_text" id="1SbW?~i]hv3eJlD37`Lv">
                                                                            <value name="show_">
                                                                              <block type="text" id="ju,j6RknSw5MYzZ?7*Ja">
                                                                                <field name="TEXT">請說出密碼開啟燈光</field>
                                                                              </block>
                                                                            </value>
                                                                            <next>
                                                                              <block type="speak" id="^+`e,@w,5#!MoQC[(:`X">
                                                                                <value name="text_">
                                                                                  <block type="text" id="u]fxbV={SmRtB@yX)J)Q">
                                                                                    <field name="TEXT">請說出密碼開啟燈光</field>
                                                                                  </block>
                                                                                </value>
                                                                                <value name="setting_">
                                                                                  <block type="speak_setting_sample" id="nGpyQ2gAq*LJM]Y*L7qw">
                                                                                    <field name="lang_">zh-TW</field>
                                                                                    <field name="volume_">1</field>
                                                                                    <field name="pitch_">1</field>
                                                                                    <field name="rate_">1</field>
                                                                                  </block>
                                                                                </value>
                                                                                <next>
                                                                                  <block type="delay" id="P7lyk]n-Uw9nN#EL!,H]">
                                                                                    <value name="secs_">
                                                                                      <block type="math_number" id="9cDbw%VOwGhM3oxp^{[P">
                                                                                        <field name="NUM">3</field>
                                                                                      </block>
                                                                                    </value>
                                                                                    <next>
                                                                                      <block type="variables_set" id=")8*jW}zA:76*wbHRZbPx">
                                                                                        <field name="VAR">state</field>
                                                                                        <value name="VALUE">
                                                                                          <block type="math_number" id="D7vy2ldC[B.:3DQters0">
                                                                                            <field name="NUM">2</field>
                                                                                          </block>
                                                                                        </value>
                                                                                        <next>
                                                                                          <block type="variables_set" id="?B*{}MdnAFBVx86hAbm?">
                                                                                            <field name="VAR">readstate</field>
                                                                                            <value name="VALUE">
                                                                                              <block type="math_number" id=".M7GAa;F3)EQ=SZM_#*J">
                                                                                                <field name="NUM">0</field>
                                                                                              </block>
                                                                                            </value>
                                                                                          </block>
                                                                                        </next>
                                                                                      </block>
                                                                                    </next>
                                                                                  </block>
                                                                                </next>
                                                                              </block>
                                                                            </next>
                                                                          </block>
                                                                        </next>
                                                                      </block>
                                                                    </next>
                                                                  </block>
                                                                </next>
                                                              </block>
                                                            </next>
                                                          </block>
                                                        </next>
                                                      </block>
                                                    </statement>
                                                    <statement name="ELSE">
                                                      <block type="variables_set" id="4K2f;IvcaqTWp:7y]61t">
                                                        <field name="VAR">readstate</field>
                                                        <value name="VALUE">
                                                          <block type="math_number" id="uaL-:_69,=S9/xDh]Wbj">
                                                            <field name="NUM">1</field>
                                                          </block>
                                                        </value>
                                                        <next>
                                                          <block type="demo_show_text" id="-mG2ID6zv]5-T0Rz*04X">
                                                            <value name="show_">
                                                              <block type="text_join" id="G|Y63F/XDnY5.^;;wVw(">
                                                                <mutation items="6"></mutation>
                                                                <value name="ADD0">
                                                                  <block type="text" id="jDm_XDm)hvL3qtnkLW#k">
                                                                    <field name="TEXT">密碼長度</field>
                                                                  </block>
                                                                </value>
                                                                <value name="ADD1">
                                                                  <block type="variables_get" id="wh~CI-fKbCYVl0dsM;je">
                                                                    <field name="VAR">pwdlength</field>
                                                                  </block>
                                                                </value>
                                                                <value name="ADD2">
                                                                  <block type="text" id="6ffs|v8ja,|E~KITgY^f">
                                                                    <field name="TEXT">個字：</field>
                                                                  </block>
                                                                </value>
                                                                <value name="ADD3">
                                                                  <block type="text_wrap" id="u._~/QHIQd^Va}ieY]ZN"></block>
                                                                </value>
                                                                <value name="ADD4">
                                                                  <block type="text_wrap" id="=@Yi|-+UIm2J,d:pBEtQ"></block>
                                                                </value>
                                                                <value name="ADD5">
                                                                  <block type="variables_get" id="vHGZ*eY|B8Yh1-H?sU3U">
                                                                    <field name="VAR">getword</field>
                                                                  </block>
                                                                </value>
                                                              </block>
                                                            </value>
                                                            <next>
                                                              <block type="variables_set" id="#Qx^e{L0txspeIH:W0`L">
                                                                <field name="VAR">readstate</field>
                                                                <value name="VALUE">
                                                                  <block type="math_number" id="b3*,CJx;9vm4%#fva_I+">
                                                                    <field name="NUM">0</field>
                                                                  </block>
                                                                </value>
                                                              </block>
                                                            </next>
                                                          </block>
                                                        </next>
                                                      </block>
                                                    </statement>
                                                  </block>
                                                </statement>
                                                <value name="IF2">
                                                  <block type="logic_compare" id="dYLAPm,,JEvB{23k+YP_">
                                                    <field name="OP">EQ</field>
                                                    <value name="A">
                                                      <block type="variables_get" id="Ru|lyQKm|d}eBeYy7E.e">
                                                        <field name="VAR">state</field>
                                                      </block>
                                                    </value>
                                                    <value name="B">
                                                      <block type="math_number" id="iC|.od?k!J]0;MKfkqa_">
                                                        <field name="NUM">2</field>
                                                      </block>
                                                    </value>
                                                  </block>
                                                </value>
                                                <statement name="DO2">
                                                  <block type="controls_if" id="X|RT+e_~%[Q]j_|d}bD-">
                                                    <mutation else="1"></mutation>
                                                    <value name="IF0">
                                                      <block type="logic_compare" id="]hbHQN:/A%Xv^8[c):u=">
                                                        <field name="OP">EQ</field>
                                                        <value name="A">
                                                          <block type="variables_get" id="X2w^gsvAqI#UaWxJ{+ao">
                                                            <field name="VAR">pwd</field>
                                                          </block>
                                                        </value>
                                                        <value name="B">
                                                          <block type="variables_get" id="u__isC@VYrKIp[pjD6p^">
                                                            <field name="VAR">getword</field>
                                                          </block>
                                                        </value>
                                                      </block>
                                                    </value>
                                                    <statement name="DO0">
                                                      <block type="variables_set" id="?qjcmdwl4E[f[^o6j%B4">
                                                        <field name="VAR">readstate</field>
                                                        <value name="VALUE">
                                                          <block type="math_number" id="_^(egQYPH3%q:MLlcb.*">
                                                            <field name="NUM">1</field>
                                                          </block>
                                                        </value>
                                                        <next>
                                                          <block type="demo_show_text" id="[*{a_99X0[(Z[1gaTGK1">
                                                            <value name="show_">
                                                              <block type="text_join" id="(#ZgYPmrrX+Q%g5.{SFb">
                                                                <mutation items="4"></mutation>
                                                                <value name="ADD0">
                                                                  <block type="text" id="Q_{!7*e]P{}:*){Mh5=q">
                                                                    <field name="TEXT">密碼正確：</field>
                                                                  </block>
                                                                </value>
                                                                <value name="ADD1">
                                                                  <block type="text_wrap" id="]glkh*T;`EAf4M*F7|ZM"></block>
                                                                </value>
                                                                <value name="ADD2">
                                                                  <block type="text_wrap" id="(d`Pl/jwqsD|]8!g[9h3"></block>
                                                                </value>
                                                                <value name="ADD3">
                                                                  <block type="variables_get" id="rmh!b/Sbg#KRIpNg%Sac">
                                                                    <field name="VAR">getword</field>
                                                                  </block>
                                                                </value>
                                                              </block>
                                                            </value>
                                                            <next>
                                                              <block type="speak" id="j_duOZ=~G#nJOVaJ;c]f">
                                                                <value name="text_">
                                                                  <block type="text" id="oFq]Ukz-4IY8EpamALXG">
                                                                    <field name="TEXT">密碼正確</field>
                                                                  </block>
                                                                </value>
                                                                <value name="setting_">
                                                                  <block type="speak_setting_sample" id="-(bD0CmDHGDF_%:KgtwU">
                                                                    <field name="lang_">zh-TW</field>
                                                                    <field name="volume_">1</field>
                                                                    <field name="pitch_">1</field>
                                                                    <field name="rate_">1</field>
                                                                  </block>
                                                                </value>
                                                                <next>
                                                                  <block type="delay" id="kE*fpW:3_+mSb^%[mVw@">
                                                                    <value name="secs_">
                                                                      <block type="math_number" id=";ty@E++n}^=NyeTlyLW/">
                                                                        <field name="NUM">3</field>
                                                                      </block>
                                                                    </value>
                                                                    <next>
                                                                      <block type="matrix_color_output" id="*K=-Nt+BNeu%Jsd~|}%y">
                                                                        <field name="matrix_">matrix</field>
                                                                        <value name="color_input">
                                                                          <block type="matrix_color_array" id="4z6;u4A(Xqa7D*D~McGT">
                                                                            <field name="mcolor_">#ff0000</field>
                                                                            <field name="led_0_">#000000</field>
                                                                            <field name="led_1_">#FF0000</field>
                                                                            <field name="led_2_">#000000</field>
                                                                            <field name="led_3_">#FF0000</field>
                                                                            <field name="led_4_">#000000</field>
                                                                            <field name="led_5_">#FF0000</field>
                                                                            <field name="led_6_">#FF0000</field>
                                                                            <field name="led_7_">#FF0000</field>
                                                                            <field name="led_8_">#FF0000</field>
                                                                            <field name="led_9_">#FF0000</field>
                                                                            <field name="led_10_">#FF0000</field>
                                                                            <field name="led_11_">#FF0000</field>
                                                                            <field name="led_12_">#FF0000</field>
                                                                            <field name="led_13_">#FF0000</field>
                                                                            <field name="led_14_">#FF0000</field>
                                                                            <field name="led_15_">#000000</field>
                                                                            <field name="led_16_">#FF0000</field>
                                                                            <field name="led_17_">#FF0000</field>
                                                                            <field name="led_18_">#FF0000</field>
                                                                            <field name="led_19_">#000000</field>
                                                                            <field name="led_20_">#000000</field>
                                                                            <field name="led_21_">#000000</field>
                                                                            <field name="led_22_">#FF0000</field>
                                                                            <field name="led_23_">#000000</field>
                                                                            <field name="led_24_">#000000</field>
                                                                          </block>
                                                                        </value>
                                                                        <next>
                                                                          <block type="demo_show_text" id="!`1ymjDYbX}Rg!2)4Rv#">
                                                                            <value name="show_">
                                                                              <block type="text" id="u,Oc@GdK:/Ew*b*NtYmg">
                                                                                <field name="TEXT">請說出關閉燈光</field>
                                                                              </block>
                                                                            </value>
                                                                            <next>
                                                                              <block type="speak" id="T58J2J7VCFkftOROTw;8">
                                                                                <value name="text_">
                                                                                  <block type="text" id="Aa7r:9Yuze^`mvN}Vp~o">
                                                                                    <field name="TEXT">請說出關閉燈光</field>
                                                                                  </block>
                                                                                </value>
                                                                                <value name="setting_">
                                                                                  <block type="speak_setting_sample" id="r124~ztSFj:{k:T)/}nt">
                                                                                    <field name="lang_">zh-TW</field>
                                                                                    <field name="volume_">1</field>
                                                                                    <field name="pitch_">1</field>
                                                                                    <field name="rate_">1</field>
                                                                                  </block>
                                                                                </value>
                                                                                <next>
                                                                                  <block type="delay" id="+THWu~a#PegRKd5TUoaK">
                                                                                    <value name="secs_">
                                                                                      <block type="math_number" id="k#TKt6O6ExQHI`J`p[(;">
                                                                                        <field name="NUM">3</field>
                                                                                      </block>
                                                                                    </value>
                                                                                    <next>
                                                                                      <block type="variables_set" id="Q%=~K1}j0}nYxlhE.|EB">
                                                                                        <field name="VAR">readstate</field>
                                                                                        <value name="VALUE">
                                                                                          <block type="math_number" id="qrbhRdqD_l9NE2P7X9`s">
                                                                                            <field name="NUM">0</field>
                                                                                          </block>
                                                                                        </value>
                                                                                      </block>
                                                                                    </next>
                                                                                  </block>
                                                                                </next>
                                                                              </block>
                                                                            </next>
                                                                          </block>
                                                                        </next>
                                                                      </block>
                                                                    </next>
                                                                  </block>
                                                                </next>
                                                              </block>
                                                            </next>
                                                          </block>
                                                        </next>
                                                      </block>
                                                    </statement>
                                                    <statement name="ELSE">
                                                      <block type="demo_show_text" id="aXZ/vH?~+~9ai.?eH*c)">
                                                        <value name="show_">
                                                          <block type="text_join" id="tc05fM[9hig8wgHS2biq">
                                                            <mutation items="4"></mutation>
                                                            <value name="ADD0">
                                                              <block type="text" id="Iq~zGzf)B4Fvak/p8Ip)">
                                                                <field name="TEXT"></field>
                                                              </block>
                                                            </value>
                                                            <value name="ADD1">
                                                              <block type="text_wrap" id="_Pw-|R=Y)IpaL-7wfX*x"></block>
                                                            </value>
                                                            <value name="ADD2">
                                                              <block type="text_wrap" id="OR?Q,6rl3({~+*0f3_(s"></block>
                                                            </value>
                                                            <value name="ADD3">
                                                              <block type="variables_get" id="2{b=@DVzzpv|vXrJICxK">
                                                                <field name="VAR">getword</field>
                                                              </block>
                                                            </value>
                                                          </block>
                                                        </value>
                                                      </block>
                                                    </statement>
                                                  </block>
                                                </statement>
                                                <next>
                                                  <block type="sound_recognition_check" id="aSTcpY9T/3H]J`7WZMFw">
                                                    <value name="text_">
                                                      <block type="text" id="+rYMN5a37NFy[0,[+Y4#">
                                                        <field name="TEXT">關閉燈光</field>
                                                      </block>
                                                    </value>
                                                    <statement name="do_">
                                                      <block type="matrix_color_output" id="(3_xl_fpRi9hz|64,Z79">
                                                        <field name="matrix_">matrix</field>
                                                        <value name="color_input">
                                                          <block type="matrix_color_array" id=".9heFs4XNv/_wDXdag1v">
                                                            <field name="mcolor_">#ffffff</field>
                                                            <field name="led_0_">#000000</field>
                                                            <field name="led_1_">#000000</field>
                                                            <field name="led_2_">#000000</field>
                                                            <field name="led_3_">#000000</field>
                                                            <field name="led_4_">#000000</field>
                                                            <field name="led_5_">#000000</field>
                                                            <field name="led_6_">#000000</field>
                                                            <field name="led_7_">#000000</field>
                                                            <field name="led_8_">#000000</field>
                                                            <field name="led_9_">#000000</field>
                                                            <field name="led_10_">#000000</field>
                                                            <field name="led_11_">#000000</field>
                                                            <field name="led_12_">#000000</field>
                                                            <field name="led_13_">#000000</field>
                                                            <field name="led_14_">#000000</field>
                                                            <field name="led_15_">#000000</field>
                                                            <field name="led_16_">#000000</field>
                                                            <field name="led_17_">#000000</field>
                                                            <field name="led_18_">#000000</field>
                                                            <field name="led_19_">#000000</field>
                                                            <field name="led_20_">#000000</field>
                                                            <field name="led_21_">#000000</field>
                                                            <field name="led_22_">#000000</field>
                                                            <field name="led_23_">#000000</field>
                                                            <field name="led_24_">#000000</field>
                                                          </block>
                                                        </value>
                                                        <next>
                                                          <block type="demo_show_text" id="jjmevDKL?rte/gtd8CZy">
                                                            <value name="show_">
                                                              <block type="text" id="(wI6Q3|]/C=%X.B%Pm)9">
                                                                <field name="TEXT">請說出密碼開啟燈光</field>
                                                              </block>
                                                            </value>
                                                            <next>
                                                              <block type="speak" id="6_A9oRhgm!^^B`_e+thh">
                                                                <value name="text_">
                                                                  <block type="text" id="H|-bf6Lj{2YBvDr0+3f%">
                                                                    <field name="TEXT">請說出密碼開啟燈光</field>
                                                                  </block>
                                                                </value>
                                                                <value name="setting_">
                                                                  <block type="speak_setting_sample" id="VCTw(}`ha|Cn_6H)6LCM">
                                                                    <field name="lang_">zh-TW</field>
                                                                    <field name="volume_">1</field>
                                                                    <field name="pitch_">1</field>
                                                                    <field name="rate_">1</field>
                                                                  </block>
                                                                </value>
                                                                <next>
                                                                  <block type="delay" id="9?AXs-R,u|WSw6K;2ggI">
                                                                    <value name="secs_">
                                                                      <block type="math_number" id="%NMX:f8h_1~8;BD%A11A">
                                                                        <field name="NUM">3</field>
                                                                      </block>
                                                                    </value>
                                                                  </block>
                                                                </next>
                                                              </block>
                                                            </next>
                                                          </block>
                                                        </next>
                                                      </block>
                                                    </statement>
                                                    <next>
                                                      <block type="sound_recognition_check" id="+TNc@Za4Tz8nK?`Q1duO">
                                                        <value name="text_">
                                                          <block type="text" id="lv*j@ud*D_.)NVsV0uvX">
                                                            <field name="TEXT">顯示密碼</field>
                                                          </block>
                                                        </value>
                                                        <statement name="do_">
                                                          <block type="demo_show_text" id="N!I:s)P|~Q@;_dRRAm_e">
                                                            <value name="show_">
                                                              <block type="variables_get" id="x,y8?oT(1)u%FVp87yTs">
                                                                <field name="VAR">pwd</field>
                                                              </block>
                                                            </value>
                                                          </block>
                                                        </statement>
                                                        <next>
                                                          <block type="sound_recognition_check" id="Gj5jfHi?dBJaF8D^fc;P">
                                                            <value name="text_">
                                                              <block type="text" id="~L23:KirShuQ8K{1!r6v">
                                                                <field name="TEXT">重設系統</field>
                                                              </block>
                                                            </value>
                                                            <statement name="do_">
                                                              <block type="variables_set" id="DiB?y~8AvrD@qCf-;UAF">
                                                                <field name="VAR">readstate</field>
                                                                <value name="VALUE">
                                                                  <block type="math_number" id="cG97BO%X/:01v3P7#l9o">
                                                                    <field name="NUM">1</field>
                                                                  </block>
                                                                </value>
                                                                <next>
                                                                  <block type="matrix_color_output" id="WIz2`1MgRf`D}I6hfz!F">
                                                                    <field name="matrix_">matrix</field>
                                                                    <value name="color_input">
                                                                      <block type="matrix_color_array" id="4aQ!Eh0~Db@mBZ8Vs^GP">
                                                                        <field name="mcolor_">#ffffff</field>
                                                                        <field name="led_0_">#000000</field>
                                                                        <field name="led_1_">#000000</field>
                                                                        <field name="led_2_">#000000</field>
                                                                        <field name="led_3_">#000000</field>
                                                                        <field name="led_4_">#000000</field>
                                                                        <field name="led_5_">#000000</field>
                                                                        <field name="led_6_">#000000</field>
                                                                        <field name="led_7_">#000000</field>
                                                                        <field name="led_8_">#000000</field>
                                                                        <field name="led_9_">#000000</field>
                                                                        <field name="led_10_">#000000</field>
                                                                        <field name="led_11_">#000000</field>
                                                                        <field name="led_12_">#000000</field>
                                                                        <field name="led_13_">#000000</field>
                                                                        <field name="led_14_">#000000</field>
                                                                        <field name="led_15_">#000000</field>
                                                                        <field name="led_16_">#000000</field>
                                                                        <field name="led_17_">#000000</field>
                                                                        <field name="led_18_">#000000</field>
                                                                        <field name="led_19_">#000000</field>
                                                                        <field name="led_20_">#000000</field>
                                                                        <field name="led_21_">#000000</field>
                                                                        <field name="led_22_">#000000</field>
                                                                        <field name="led_23_">#000000</field>
                                                                        <field name="led_24_">#000000</field>
                                                                      </block>
                                                                    </value>
                                                                    <next>
                                                                      <block type="variables_set" id="*/qYgxem)o)810fXbs|D">
                                                                        <field name="VAR">pwd</field>
                                                                        <value name="VALUE">
                                                                          <block type="text" id="pak8fSlMD0d,7}m!L3k!">
                                                                            <field name="TEXT"></field>
                                                                          </block>
                                                                        </value>
                                                                        <next>
                                                                          <block type="variables_set" id="m,^I|0I2:SHgzVvM9VIQ">
                                                                            <field name="VAR">state</field>
                                                                            <value name="VALUE">
                                                                              <block type="math_number" id="]E!EE-FP%)8q%F.p:gws">
                                                                                <field name="NUM">0</field>
                                                                              </block>
                                                                            </value>
                                                                            <next>
                                                                              <block type="demo_show_text" id="d/a*J=^prbY8kw,EDy4U">
                                                                                <value name="show_">
                                                                                  <block type="text" id="xbLWOOb{O(h(yO9GUh;f">
                                                                                    <field name="TEXT">請說出初始化指令</field>
                                                                                  </block>
                                                                                </value>
                                                                                <next>
                                                                                  <block type="speak" id="o@{_s-^xHR3jDXULh5i/">
                                                                                    <value name="text_">
                                                                                      <block type="text" id="QDRL@_|(jW|0Sl3Ddv`:">
                                                                                        <field name="TEXT">請說出初始化指令</field>
                                                                                      </block>
                                                                                    </value>
                                                                                    <value name="setting_">
                                                                                      <block type="speak_setting_sample" id="h@xP3GfhE*#:FeP[fY%)">
                                                                                        <field name="lang_">zh-TW</field>
                                                                                        <field name="volume_">1</field>
                                                                                        <field name="pitch_">1</field>
                                                                                        <field name="rate_">1</field>
                                                                                      </block>
                                                                                    </value>
                                                                                    <next>
                                                                                      <block type="delay" id="9A9FN7cPXe[,,{w6,(Cu">
                                                                                        <value name="secs_">
                                                                                          <block type="math_number" id="l~o%3hSceg/-XEliwVOX">
                                                                                            <field name="NUM">3</field>
                                                                                          </block>
                                                                                        </value>
                                                                                        <next>
                                                                                          <block type="variables_set" id="x@;!By`d/)ILNQke{sL7">
                                                                                            <field name="VAR">readstate</field>
                                                                                            <value name="VALUE">
                                                                                              <block type="math_number" id="9M@EE(K?gB}dU}ddOC~#">
                                                                                                <field name="NUM">0</field>
                                                                                              </block>
                                                                                            </value>
                                                                                          </block>
                                                                                        </next>
                                                                                      </block>
                                                                                    </next>
                                                                                  </block>
                                                                                </next>
                                                                              </block>
                                                                            </next>
                                                                          </block>
                                                                        </next>
                                                                      </block>
                                                                    </next>
                                                                  </block>
                                                                </next>
                                                              </block>
                                                            </statement>
                                                          </block>
                                                        </next>
                                                      </block>
                                                    </next>
                                                  </block>
                                                </next>
                                              </block>
                                            </statement>
                                          </block>
                                        </next>
                                      </block>
                                    </statement>
                                  </block>
                                </next>
                              </block>
                            </next>
                          </block>
                        </next>
                      </block>
                    </next>
                  </block>
                </next>
              </block>
            </next>
          </block>
        </next>
      </block>
    </statement>
  </block>
</xml>